match_id,date,home_team_id,away_team_id,home_goals,away_goals,result
157015,8/9/19,18,23,4,1,1
157016,8/10/19,6,14,0,5,-1
157017,8/10/19,17,21,1,1,0
157018,8/10/19,19,12,3,0,1
157019,8/10/19,15,4,0,0,0
157020,8/11/19,9,31,0,0,0
157021,8/10/19,29,10,0,3,-1
157022,8/10/19,13,16,3,1,1
157023,8/11/19,2,3,0,1,-1
157024,8/11/19,30,8,4,0,1
157025,8/17/19,3,19,2,1,1
157026,8/17/19,16,17,1,2,-1
157027,8/17/19,10,6,1,1,0
157028,8/18/19,8,9,1,1,0
157029,8/17/19,4,29,1,0,1
157030,8/17/19,14,13,2,2,0
157031,8/17/19,23,2,3,1,1
157032,8/18/19,21,15,1,0,1
157033,8/17/19,12,18,1,2,-1
157034,8/19/19,31,30,1,1,0
157035,8/25/19,17,14,1,3,-1
157036,8/23/19,16,4,2,0,1
157037,8/24/19,10,12,0,2,-1
157038,8/24/19,18,3,3,1,1
157039,8/24/19,30,15,1,2,-1
157040,8/24/19,23,8,2,3,-1
157041,8/24/19,21,9,1,2,-1
157042,8/25/19,13,2,0,1,-1
157043,8/24/19,29,6,1,3,-1
157044,8/25/19,31,19,1,1,0
157045,9/1/19,3,13,2,2,0
157046,8/31/19,19,18,0,3,-1
157047,8/31/19,8,21,2,2,0
157048,8/31/19,15,16,1,0,1
157049,9/1/19,4,31,3,2,1
157050,8/31/19,9,17,3,1,1
157051,8/31/19,14,10,4,0,1
157052,8/31/19,2,29,1,1,0
157053,8/31/19,12,30,1,1,0
157054,8/31/19,6,23,2,0,1
157055,9/15/19,17,4,3,1,1
157056,9/16/19,16,6,0,0,0
157057,9/14/19,10,19,1,1,0
157058,9/14/19,18,2,3,1,1
157059,9/14/19,30,9,1,0,1
157060,9/14/19,23,14,3,2,1
157061,9/14/19,21,12,0,1,-1
157062,9/14/19,13,15,4,0,1
157063,9/15/19,29,3,2,2,0
157064,9/14/19,31,8,2,5,-1
157065,9/22/19,3,16,3,2,1
157066,9/21/19,19,23,2,0,1
157067,9/22/19,8,18,1,2,-1
157068,9/22/19,15,31,1,1,0
157069,9/21/19,4,21,0,2,-1
157070,9/21/19,9,13,2,1,1
157071,9/21/19,14,29,8,0,1
157072,9/21/19,2,10,0,0,0
157073,9/20/19,12,17,1,3,-1
157074,9/22/19,6,30,2,0,1
157075,9/28/19,17,6,2,2,0
157076,9/28/19,16,19,2,2,0
157077,9/28/19,8,10,2,0,1
157078,9/28/19,15,23,2,0,1
157079,9/28/19,4,14,1,3,-1
157080,9/29/19,9,2,5,0,1
157081,9/30/19,30,3,1,1,0
157082,9/28/19,21,18,0,1,-1
157083,9/28/19,13,12,2,1,1
157084,9/28/19,31,29,2,0,1
157085,10/6/19,3,17,1,0,1
157086,10/5/19,10,13,3,0,1
157087,10/5/19,19,4,1,0,1
157088,10/5/19,18,9,2,1,1
157089,10/6/19,14,31,0,2,-1
157090,10/6/19,2,30,1,0,1
157091,10/5/19,23,16,1,5,-1
157092,10/6/19,12,8,1,4,-1
157093,10/5/19,29,21,0,0,0
157094,10/5/19,6,15,1,2,-1
157095,10/19/19,17,23,0,0,0
157096,10/19/19,16,10,2,1,1
157097,10/19/19,8,2,1,0,1
157098,10/19/19,15,14,0,2,-1
157099,10/19/19,4,6,2,0,1
157100,10/19/19,9,19,2,1,1
157101,10/20/19,30,18,1,1,0
157102,10/21/19,21,3,1,0,1
157103,10/19/19,13,29,1,1,0
157104,10/19/19,31,12,1,1,0
157105,10/27/19,3,15,2,2,0
157106,10/26/19,10,4,3,2,1
157107,10/26/19,19,8,2,4,-1
157108,10/27/19,18,13,2,1,1
157109,10/26/19,14,16,3,0,1
157110,10/27/19,2,31,1,1,0
157111,10/27/19,23,30,1,3,-1
157112,10/25/19,12,9,0,9,-1
157113,10/26/19,29,17,0,0,0
157114,10/26/19,6,21,1,1,0
157115,11/2/19,17,30,1,0,1
157116,11/2/19,3,31,1,1,0
157117,11/2/19,16,18,1,2,-1
157118,11/2/19,10,23,2,0,1
157119,11/3/19,15,9,0,2,-1
157120,11/3/19,4,13,1,1,0
157121,11/2/19,14,12,2,1,1
157122,11/2/19,21,19,3,0,1
157123,11/2/19,29,8,1,2,-1
157124,11/2/19,6,2,2,3,-1
157125,11/9/19,19,6,3,0,1
157126,11/9/19,8,15,2,0,1
157127,11/9/19,9,3,2,0,1
157128,11/10/19,18,14,3,1,1
157129,11/10/19,30,10,3,1,1
157130,11/9/19,2,17,2,1,1
157131,11/8/19,23,29,0,2,-1
157132,11/9/19,12,4,1,2,-1
157133,11/9/19,13,21,1,1,0
157134,11/10/19,31,16,2,1,1
157135,11/23/19,17,31,1,2,-1
157136,11/23/19,3,12,2,2,0
157137,11/25/19,16,2,2,0,1
157138,11/23/19,10,9,0,2,-1
157139,11/23/19,15,18,1,2,-1
157140,11/23/19,4,23,0,2,-1
157141,11/23/19,14,8,2,1,1
157142,11/24/19,21,30,3,3,0
157143,11/23/19,29,19,0,3,-1
157144,11/23/19,6,13,2,3,-1
157145,11/30/19,19,15,0,2,-1
157146,11/30/19,8,6,0,1,-1
157147,12/1/19,9,4,2,1,1
157148,11/30/19,18,10,2,1,1
157149,12/1/19,30,16,2,2,0
157150,11/30/19,2,14,2,2,0
157151,12/1/19,23,3,2,2,0
157152,11/30/19,12,29,2,1,1
157153,11/30/19,13,17,3,2,1
157154,12/1/19,31,21,1,1,0
157155,12/5/19,3,10,1,2,-1
157156,12/3/19,19,14,1,4,-1
157157,12/4/19,9,29,2,0,1
157158,12/5/19,21,2,0,2,-1
157159,12/4/19,31,6,2,0,1
157160,12/4/19,30,13,2,1,1
157161,12/4/19,8,16,2,1,1
157162,12/4/19,12,23,2,1,1
157163,12/3/19,15,17,1,0,1
157164,12/4/19,18,4,5,2,1
157165,12/7/19,17,18,0,3,-1
157166,12/8/19,16,9,1,4,-1
157167,12/8/19,10,31,2,2,0
157168,12/7/19,4,8,3,1,1
157169,12/7/19,14,30,1,2,-1
157170,12/8/19,2,12,2,1,1
157171,12/8/19,23,21,1,2,-1
157172,12/7/19,13,19,5,0,1
157173,12/7/19,29,15,0,0,0
157174,12/9/19,6,3,1,3,-1
157175,12/15/19,3,14,0,3,-1
157176,12/14/19,19,2,1,0,1
157177,12/14/19,8,17,0,1,-1
157178,12/16/19,15,10,1,1,0
157179,12/14/19,9,23,1,1,0
157180,12/14/19,18,29,2,0,1
157181,12/15/19,30,4,1,1,0
157182,12/14/19,21,16,2,0,1
157183,12/14/19,12,6,0,1,-1
157184,12/15/19,31,13,1,2,-1
157185,12/21/19,17,19,0,1,-1
157186,12/21/19,16,12,1,3,-1
157187,12/21/19,10,21,0,1,-1
157188,12/21/19,4,3,0,0,0
157189,12/21/19,14,9,3,1,1
157190,12/21/19,2,15,1,0,1
157191,12/21/19,23,31,1,2,-1
157192,12/22/19,13,8,0,2,-1
157193,12/22/19,29,30,2,0,1
157194,1/29/20,6,18,0,2,-1
157195,12/26/19,17,3,1,1,0
157196,12/26/19,16,23,1,0,1
157197,12/26/19,8,12,0,2,-1
157198,12/26/19,15,6,2,1,1
157199,12/26/19,4,19,1,0,1
157200,12/26/19,9,18,0,4,-1
157201,12/26/19,30,2,4,1,1
157202,12/26/19,21,29,1,1,0
157203,12/26/19,13,10,2,1,1
157204,12/27/19,31,14,3,2,1
157205,12/29/19,3,8,1,2,-1
157206,12/28/19,10,17,2,0,1
157207,12/28/19,19,30,0,2,-1
157208,12/29/19,18,31,1,0,1
157209,12/29/19,14,21,2,0,1
157210,12/28/19,2,4,1,2,-1
157211,12/28/19,23,13,2,2,0
157212,12/28/19,12,15,1,1,0
157213,12/28/19,29,16,3,0,1
157214,12/28/19,6,9,1,2,-1
157215,1/1/20,3,30,2,0,1
157216,1/1/20,10,8,1,1,0
157217,1/1/20,19,16,1,2,-1
157218,1/2/20,18,21,2,0,1
157219,1/1/20,14,4,2,1,1
157220,1/1/20,2,9,0,3,-1
157221,1/1/20,23,15,1,1,0
157222,1/1/20,12,13,1,0,1
157223,1/1/20,29,31,2,1,1
157224,1/1/20,6,17,4,0,1
157225,1/12/20,17,29,0,3,-1
157226,1/12/20,16,14,1,6,-1
157227,1/11/20,8,19,3,0,1
157228,1/11/20,15,3,1,1,0
157229,1/11/20,4,10,1,0,1
157230,1/11/20,9,12,1,2,-1
157231,1/11/20,30,23,4,0,1
157232,1/10/20,21,6,1,0,1
157233,1/11/20,13,18,0,1,-1
157234,1/11/20,31,2,1,1,0
157235,1/18/20,3,21,1,1,0
157236,1/18/20,10,16,1,1,0
157237,1/19/20,19,9,2,1,1
157238,1/19/20,18,30,2,0,1
157239,1/18/20,14,15,2,2,0
157240,1/18/20,2,8,1,0,1
157241,1/18/20,23,17,1,0,1
157242,1/18/20,12,31,2,3,-1
157243,1/18/20,29,13,0,0,0
157244,1/18/20,6,4,1,1,0
157245,1/21/20,17,10,3,1,1
157246,1/21/20,16,29,2,1,1
157247,1/21/20,4,2,2,2,0
157248,1/22/20,9,6,4,1,1
157249,1/21/20,21,14,0,1,-1
157250,1/23/20,31,18,1,2,-1
157251,1/22/20,30,19,0,2,-1
157252,1/21/20,8,3,2,2,0
157253,1/22/20,13,23,2,1,1
157254,1/21/20,15,12,0,2,-1
157255,2/1/20,17,16,2,1,1
157256,2/2/20,19,3,0,0,0
157257,2/1/20,15,21,0,1,-1
157258,2/1/20,9,8,2,2,0
157259,2/1/20,18,12,4,0,1
157260,2/1/20,30,31,0,0,0
157261,2/1/20,2,23,0,0,0
157262,2/2/20,13,14,2,0,1
157263,2/1/20,29,4,2,3,-1
157264,2/1/20,6,10,3,3,0
157265,2/16/20,3,2,4,0,1
157266,2/16/20,16,13,2,3,-1
157267,2/8/20,10,29,1,1,0
157268,2/17/20,8,30,0,2,-1
157269,2/8/20,4,15,3,1,1
157270,2/19/20,14,6,2,0,1
157271,2/15/20,23,18,0,1,-1
157272,2/9/20,21,17,2,1,1
157273,2/15/20,12,19,1,2,-1
157274,2/14/20,31,9,0,0,0
157275,2/23/20,3,4,3,2,1
157276,2/22/20,19,17,3,0,1
157277,2/22/20,8,13,2,1,1
157278,2/22/20,15,2,1,0,1
157279,2/22/20,9,14,0,1,-1
157280,2/24/20,18,6,3,2,1
157281,2/23/20,30,29,3,0,1
157282,2/22/20,21,10,1,1,0
157283,2/22/20,12,16,2,0,1
157284,2/23/20,31,23,3,0,1
157285,2/29/20,17,8,2,2,0
157286,6/17/20,16,21,0,0,0
157287,2/29/20,10,15,0,1,-1
157288,3/1/20,4,30,1,1,0
157289,6/17/20,14,3,3,0,1
157290,2/29/20,2,19,0,0,0
157291,2/28/20,23,9,1,0,1
157292,3/1/20,13,31,2,3,-1
157293,2/29/20,29,18,3,0,1
157294,2/29/20,6,12,3,1,1
157295,3/7/20,3,6,1,0,1
157296,3/7/20,19,13,1,1,0
157297,3/8/20,8,4,4,0,1
157298,3/7/20,15,29,1,0,1
157299,3/9/20,9,16,4,0,1
157300,3/7/20,18,17,2,1,1
157301,3/8/20,30,14,2,0,1
157302,3/7/20,21,23,1,0,1
157303,3/7/20,12,2,0,1,-1
157304,3/7/20,31,10,0,0,0
157305,6/20/20,17,15,0,2,-1
157306,6/21/20,16,8,1,2,-1
157307,6/20/20,10,3,2,1,1
157308,6/21/20,4,18,0,0,0
157309,6/22/20,14,19,5,0,1
157310,6/21/20,2,21,3,0,1
157311,6/19/20,23,12,0,3,-1
157312,6/19/20,13,30,1,1,0
157313,6/20/20,29,9,1,1,0
157314,6/20/20,6,31,0,2,-1
157315,6/25/20,19,29,1,0,1
157316,6/25/20,8,14,2,1,1
157317,6/23/20,9,10,0,0,0
157318,6/24/20,18,15,4,0,1
157319,6/24/20,30,21,3,0,1
157320,6/24/20,2,16,1,1,0
157321,6/24/20,23,4,0,1,-1
157322,6/25/20,12,3,0,2,-1
157323,6/23/20,13,6,2,0,1
157324,6/24/20,31,17,1,0,1
157325,7/1/20,17,2,1,4,-1
157326,7/1/20,3,23,4,0,1
157327,6/27/20,16,31,0,1,-1
157328,6/30/20,10,30,0,3,-1
157329,6/29/20,15,19,0,1,-1
157330,7/1/20,4,9,2,1,1
157331,7/2/20,14,18,4,0,1
157332,7/2/20,21,13,3,1,1
157333,6/28/20,29,12,1,3,-1
157334,7/1/20,6,8,3,2,1
157335,7/5/20,19,21,1,1,0
157336,7/4/20,8,29,3,0,1
157337,7/4/20,9,15,3,0,1
157338,7/5/20,18,16,2,0,1
157339,7/4/20,30,17,5,2,1
157340,7/5/20,2,6,2,2,0
157341,7/4/20,23,10,0,1,-1
157342,7/5/20,12,14,1,0,1
157343,7/6/20,13,4,1,0,1
157344,7/4/20,31,3,0,2,-1
157345,7/9/20,17,13,0,0,0
157346,7/7/20,3,9,1,1,0
157347,7/9/20,16,30,0,3,-1
157348,7/8/20,10,18,1,3,-1
157349,7/7/20,15,8,2,3,-1
157350,7/9/20,4,12,1,1,0
157351,7/8/20,14,2,5,0,1
157352,7/8/20,21,31,1,0,1
157353,7/7/20,29,23,2,1,1
157354,7/8/20,6,19,0,1,-1
157355,7/12/20,17,9,4,1,1
157356,7/12/20,16,15,2,0,1
157357,7/11/20,10,14,0,5,-1
157358,7/11/20,18,19,1,1,0
157359,7/13/20,30,12,2,2,0
157360,7/11/20,23,6,0,4,-1
157361,7/11/20,21,8,3,0,1
157362,7/12/20,13,3,2,1,1
157363,7/11/20,29,2,2,1,1
157364,7/12/20,31,4,3,0,1
157365,7/15/20,3,18,2,1,1
157366,7/15/20,19,31,1,1,0
157367,7/14/20,8,23,1,0,1
157368,7/16/20,15,30,0,2,-1
157369,7/16/20,4,16,1,1,0
157370,7/16/20,9,21,2,0,1
157371,7/15/20,14,17,2,1,1
157372,7/15/20,2,13,1,3,-1
157373,7/16/20,12,10,1,1,0
157374,7/17/20,6,29,3,1,1
157375,7/19/20,17,12,0,2,-1
157376,7/21/20,16,3,1,0,1
157377,7/20/20,10,2,0,0,0
157378,7/22/20,18,8,5,3,1
157379,7/22/20,30,6,1,1,0
157380,7/18/20,23,19,0,2,-1
157381,7/20/20,21,4,0,1,-1
157382,7/19/20,13,9,3,0,1
157383,7/21/20,29,14,0,4,-1
157384,7/20/20,31,15,2,0,1
157385,7/26/20,3,29,3,2,1
157386,7/26/20,19,10,1,2,-1
157387,7/26/20,8,31,2,0,1
157388,7/26/20,15,13,1,1,0
157389,7/26/20,4,17,1,3,-1
157390,7/26/20,9,30,0,2,-1
157391,7/26/20,14,23,5,0,1
157392,7/26/20,2,18,1,3,-1
157393,7/26/20,12,21,3,1,1
157394,7/26/20,6,16,1,1,0
710556,8/13/21,7,3,2,0,1
710557,8/14/21,19,10,1,2,-1
710558,8/14/21,8,15,3,0,1
710559,8/14/21,4,12,3,1,1
710560,8/14/21,9,31,1,0,1
710561,8/14/21,30,22,5,1,1
710562,8/15/21,2,6,2,4,-1
710563,8/14/21,23,18,0,3,-1
710564,8/15/21,13,14,1,0,1
710565,8/14/21,29,16,3,2,1
710566,8/22/21,3,8,0,2,-1
710567,8/21/21,16,2,2,0,1
710568,8/21/21,10,29,2,0,1
710569,8/21/21,15,7,0,0,0
710570,8/21/21,22,4,2,2,0
710571,8/21/21,18,19,2,0,1
710572,8/21/21,14,23,5,0,1
710573,8/22/21,12,30,1,1,0
710574,8/23/21,6,9,4,1,1
710575,8/22/21,31,13,0,1,-1
710576,8/28/21,16,7,1,1,0
710577,8/28/21,10,4,0,2,-1
710578,8/29/21,19,22,1,1,0
710579,8/28/21,18,8,1,1,0
710580,8/28/21,14,3,5,0,1
710581,8/28/21,2,12,2,2,0
710582,8/28/21,23,9,1,2,-1
710583,8/29/21,13,29,1,0,1
710584,8/28/21,6,15,2,2,0
710585,8/29/21,31,30,0,1,-1
710586,9/11/21,3,23,1,0,1
710587,9/11/21,7,10,0,1,-1
710588,9/11/21,8,16,3,0,1
710589,9/11/21,15,13,3,0,1
710590,9/13/21,4,19,3,1,1
710591,9/12/21,22,18,0,3,-1
710592,9/11/21,9,14,0,1,-1
710593,9/11/21,30,2,4,1,1
710594,9/11/21,12,6,0,0,0
710595,9/11/21,29,31,0,2,-1
710596,9/18/21,16,4,3,0,1
710597,9/19/21,10,9,2,1,1
710598,9/18/21,19,3,0,1,-1
710599,9/18/21,18,15,3,0,1
710600,9/18/21,14,12,0,0,0
710601,9/17/21,2,22,1,1,0
710602,9/18/21,23,29,1,3,-1
710603,9/19/21,13,8,0,3,-1
710604,9/19/21,6,30,1,2,-1
710605,9/18/21,31,7,0,2,-1
710606,9/26/21,3,13,3,1,1
710607,9/25/21,7,18,3,3,0
710608,9/25/21,8,14,0,1,-1
710609,9/27/21,15,10,1,1,0
710610,9/25/21,4,23,2,0,1
710611,9/25/21,22,6,1,2,-1
710612,9/25/21,9,19,2,2,0
710613,9/25/21,30,16,0,1,-1
710614,9/26/21,12,31,0,1,-1
710615,9/25/21,29,2,1,1,0
710616,10/2/21,10,3,0,0,0
710617,10/2/21,19,23,0,0,0
710618,10/2/21,8,12,3,1,1
710619,10/3/21,15,9,2,2,0
710620,10/2/21,22,29,1,0,1
710621,10/3/21,18,14,2,2,0
710622,10/2/21,30,4,1,1,0
710623,10/3/21,13,16,2,1,1
710624,10/3/21,6,7,1,2,-1
710625,10/2/21,31,2,2,1,1
710626,10/18/21,3,15,2,2,0
710627,10/16/21,16,31,2,3,-1
710628,10/16/21,7,8,0,1,-1
710629,10/17/21,4,6,0,1,-1
710630,10/16/21,9,30,4,2,1
710631,10/16/21,14,19,2,0,1
710632,10/17/21,2,13,2,3,-1
710633,10/16/21,23,10,0,0,0
710634,10/16/21,12,22,1,0,1
710635,10/16/21,29,18,0,5,-1
710636,10/22/21,3,16,3,1,1
710637,10/24/21,7,9,1,2,-1
710638,10/23/21,10,14,1,4,-1
710639,10/23/21,8,23,7,0,1
710640,10/23/21,15,2,1,1,0
710641,10/23/21,4,29,2,5,-1
710642,10/23/21,22,31,1,1,0
710643,10/24/21,30,18,0,5,-1
710644,10/23/21,12,19,2,2,0
710645,10/24/21,6,13,1,0,1
710646,10/31/21,16,6,1,4,-1
710647,10/30/21,19,7,3,1,1
710648,10/30/21,9,3,0,2,-1
710649,10/30/21,18,10,2,2,0
710650,10/30/21,14,15,0,2,-1
710651,10/30/21,2,8,0,3,-1
710652,10/31/21,23,22,1,2,-1
710653,10/30/21,13,30,0,3,-1
710654,10/30/21,29,12,0,1,-1
710655,11/1/21,31,4,2,1,1
710656,11/7/21,3,29,1,0,1
710657,11/6/21,7,23,1,2,-1
710658,11/6/21,10,2,1,1,0
710659,11/6/21,8,19,1,1,0
710660,11/6/21,15,31,2,0,1
710661,11/7/21,4,13,0,0,0
710662,11/7/21,22,9,1,1,0
710663,11/6/21,30,14,0,2,-1
710664,11/5/21,12,16,1,0,1
710665,11/7/21,6,18,3,2,1
710666,11/20/21,16,10,2,0,1
710667,11/20/21,19,15,3,3,0
710668,11/20/21,9,8,0,3,-1
710669,11/20/21,18,3,4,0,1
710670,11/21/21,14,4,3,0,1
710671,11/20/21,2,7,3,3,0
710672,11/20/21,23,12,2,1,1
710673,11/21/21,13,22,2,1,1
710674,11/20/21,29,30,4,1,1
710675,11/20/21,31,6,1,0,1
710676,11/27/21,3,2,2,0,1
710677,11/28/21,7,4,1,0,1
710678,11/27/21,10,22,0,0,0
710679,2/23/22,19,13,1,0,1
710680,11/28/21,8,30,1,1,0
710681,11/27/21,15,16,1,2,-1
710682,11/28/21,9,29,4,2,1
710683,11/27/21,18,12,4,0,1
710684,11/28/21,14,6,2,1,1
710685,11/27/21,23,31,0,0,0
710686,12/1/21,16,14,1,2,-1
710687,12/1/21,4,18,1,4,-1
710688,11/30/21,22,15,1,0,1
710689,12/1/21,29,8,1,2,-1
710690,12/1/21,6,10,1,1,0
710691,12/1/21,31,19,0,0,0
710692,12/2/21,30,3,3,2,1
710693,11/30/21,2,23,1,1,0
710694,12/1/21,12,9,2,2,0
710695,12/2/21,13,7,2,0,1
710696,12/5/21,16,9,2,1,1
710697,12/6/21,4,3,2,1,1
710698,12/5/21,22,7,2,2,0
710699,12/5/21,30,15,1,0,1
710700,12/4/21,2,19,1,0,1
710701,12/4/21,12,10,1,1,0
710702,12/5/21,13,23,3,0,1
710703,12/4/21,29,14,1,3,-1
710704,12/4/21,6,8,3,2,1
710705,12/4/21,31,18,0,1,-1
710706,12/11/21,3,12,3,0,1
710707,12/10/21,7,29,2,1,1
710708,3/16/22,10,13,0,2,-1
710709,12/12/21,19,6,0,0,0
710710,12/11/21,8,22,3,2,1
710711,12/12/21,15,4,3,1,1
710712,12/12/21,9,2,4,0,1
710713,12/11/21,18,16,1,0,1
710714,12/11/21,14,31,1,0,1
710715,12/11/21,23,30,0,1,-1
710716,12/15/21,3,6,2,0,1
710717,1/19/22,7,30,1,3,-1
710718,12/15/21,10,31,0,1,-1
710719,2/5/22,19,29,0,0,0
710720,1/19/22,9,13,2,3,-1
710721,12/14/21,23,16,0,2,-1
710722,12/15/21,15,12,2,2,0
710723,12/16/21,8,4,1,1,0
710724,12/16/21,18,2,3,1,1
710725,12/14/21,14,22,7,0,1
710726,5/19/22,16,19,1,1,0
710727,4/20/22,4,9,1,1,0
710728,12/18/21,22,3,1,4,-1
710729,2/15/22,30,10,2,0,1
710730,12/19/21,2,14,0,4,-1
710731,1/11/22,12,7,4,1,1
710732,12/19/21,13,18,2,2,0
710733,2/23/22,29,15,1,4,-1
710734,1/12/22,6,23,2,0,1
710735,12/19/21,31,8,0,0,0
710736,12/26/21,16,8,1,3,-1
710737,12/26/21,10,7,2,0,1
710738,4/6/22,19,4,3,2,1
710739,2/23/22,18,22,6,0,1
710740,12/26/21,14,9,6,3,1
710741,12/27/21,2,30,1,1,0
710742,12/26/21,23,3,0,5,-1
710743,12/26/21,13,15,3,0,1
710744,12/26/21,6,12,2,3,-1
710745,3/10/22,31,29,4,0,1
710746,2/24/22,3,31,2,1,1
710747,12/29/21,7,14,0,1,-1
710748,12/29/21,8,10,1,1,0
710749,12/28/21,15,23,3,0,1
710750,3/17/22,4,2,1,0,1
710751,3/10/22,22,16,0,3,-1
710752,12/28/21,9,18,1,0,1
710753,12/30/21,30,19,3,1,1
710754,12/28/21,12,13,1,1,0
710755,12/28/21,29,6,1,4,-1
710756,1/1/22,3,14,1,2,-1
710757,1/2/22,7,16,2,1,1
710758,1/2/22,8,18,2,2,0
710759,1/1/22,15,6,2,3,-1
710760,1/2/22,4,10,2,3,-1
710761,1/2/22,22,19,3,1,1
710762,5/11/22,9,23,3,0,1
710763,1/3/22,30,31,0,1,-1
710764,3/10/22,12,2,1,2,-1
710765,1/1/22,29,13,0,1,-1
710766,1/15/22,16,30,2,2,0
710767,1/14/22,10,15,1,1,0
710768,3/1/22,19,9,0,2,-1
710769,1/16/22,18,7,3,0,1
710770,1/15/22,14,8,1,0,1
710771,1/15/22,2,29,1,1,0
710772,1/15/22,23,4,2,1,1
710773,5/12/22,13,3,3,0,1
710774,1/16/22,6,22,2,3,-1
710775,1/15/22,31,12,3,1,1
710776,1/23/22,3,19,0,0,0
710777,1/22/22,7,31,1,2,-1
710778,1/23/22,8,13,2,0,1
710779,1/23/22,15,18,1,3,-1
710780,1/22/22,4,16,0,1,-1
710781,1/22/22,22,2,0,1,-1
710782,1/23/22,9,10,1,1,0
710783,1/22/22,30,6,1,0,1
710784,1/22/22,12,14,1,1,0
710785,1/21/22,29,23,0,3,-1
710786,2/9/22,16,22,3,3,0
710787,1/18/22,10,8,1,1,0
710788,2/8/22,19,30,1,1,0
710789,2/9/22,23,15,1,1,0
710790,2/8/22,6,29,1,0,1
710791,2/10/22,31,3,0,1,-1
710792,2/8/22,2,4,3,1,1
710793,2/9/22,13,12,2,3,-1
710794,2/10/22,18,9,2,0,1
710795,2/9/22,14,7,2,0,1
710796,2/12/22,7,15,0,0,0
710797,2/13/22,19,18,0,1,-1
710798,4/20/22,8,3,2,4,-1
710799,2/12/22,4,22,3,0,1
710800,2/13/22,9,6,2,2,0
710801,2/12/22,30,12,1,1,0
710802,2/13/22,2,16,1,0,1
710803,2/12/22,23,14,0,4,-1
710804,2/13/22,13,31,0,2,-1
710805,2/12/22,29,10,0,2,-1
710806,2/19/22,3,7,2,1,1
710807,2/19/22,16,29,0,1,-1
710808,2/19/22,10,19,0,3,-1
710809,2/19/22,15,8,0,1,-1
710810,2/20/22,22,30,2,4,-1
710811,2/19/22,18,23,3,1,1
710812,2/19/22,14,13,2,3,-1
710813,2/19/22,12,4,2,0,1
710814,2/19/22,6,2,1,1,0
710815,2/20/22,31,9,2,1,1
710816,3/16/22,3,18,0,2,-1
710817,2/26/22,7,2,0,2,-1
710818,2/26/22,10,16,0,2,-1
710819,5/19/22,8,9,1,1,0
710820,2/26/22,15,19,1,1,0
710821,2/26/22,4,14,0,1,-1
710822,2/26/22,22,13,0,4,-1
710823,2/26/22,30,29,0,0,0
710824,2/25/22,12,23,2,0,1
710825,2/27/22,6,31,1,0,1
710826,3/5/22,16,12,4,0,1
710827,3/5/22,19,8,0,4,-1
710828,3/5/22,9,22,1,0,1
710829,3/5/22,18,6,1,0,1
710830,3/6/22,14,30,4,1,1
710831,3/5/22,2,10,2,1,1
710832,3/5/22,23,7,1,3,-1
710833,3/7/22,13,4,5,0,1
710834,3/6/22,29,3,2,3,-1
710835,3/5/22,31,15,0,2,-1
710836,3/13/22,3,9,2,0,1
710837,3/12/22,7,19,2,0,1
710838,3/12/22,10,18,0,2,-1
710839,3/13/22,8,2,1,0,1
710840,3/14/22,15,14,0,0,0
710841,3/13/22,4,31,0,1,-1
710842,3/13/22,22,23,2,1,1
710843,3/12/22,30,13,3,2,1
710844,3/13/22,12,29,1,2,-1
710845,3/13/22,6,16,2,1,1
710846,3/19/22,16,3,0,1,-1
710847,4/21/22,19,12,2,0,1
710848,3/20/22,9,7,2,1,1
710849,4/19/22,18,30,4,0,1
710850,4/20/22,14,10,3,0,1
710851,4/20/22,2,15,1,0,1
710852,3/10/22,23,8,1,3,-1
710853,3/20/22,13,6,3,1,1
710854,5/11/22,29,4,0,0,0
710855,3/18/22,31,22,2,3,-1
710856,4/2/22,10,23,0,0,0
710857,4/2/22,19,14,0,2,-1
710858,4/2/22,8,7,1,4,-1
710859,4/4/22,15,3,3,0,1
710860,4/2/22,22,12,1,1,0
710861,4/2/22,18,29,2,0,1
710862,4/2/22,30,9,1,1,0
710863,4/3/22,13,2,5,1,1
710864,4/3/22,6,4,2,1,1
710865,4/2/22,31,16,2,1,1
710866,4/9/22,3,10,1,2,-1
710867,4/9/22,16,13,0,4,-1
710868,4/10/22,7,6,2,0,1
710869,4/9/22,4,30,1,0,1
710870,4/10/22,9,15,2,1,1
710871,4/10/22,14,18,2,2,0
710872,4/8/22,2,31,1,0,1
710873,4/10/22,23,19,2,0,1
710874,4/9/22,12,8,0,6,-1
710875,4/9/22,29,22,0,3,-1
710876,5/10/22,16,18,1,2,-1
710877,5/19/22,4,15,3,2,1
710878,5/11/22,22,8,0,3,-1
710879,4/16/22,30,23,3,2,1
710880,4/17/22,2,9,2,1,1
710881,4/16/22,12,3,1,0,1
710882,4/16/22,13,10,0,1,-1
710883,4/16/22,29,7,1,2,-1
710884,4/17/22,6,19,1,1,0
710885,5/11/22,31,14,1,5,-1
710886,4/23/22,3,30,3,1,1
710887,4/23/22,7,13,0,0,0
710888,4/24/22,10,12,2,2,0
710889,4/24/22,19,31,1,0,1
710890,4/24/22,8,6,1,0,1
710891,4/25/22,15,22,0,0,0
710892,4/23/22,9,16,0,0,0
710893,4/24/22,18,4,2,0,1
710894,4/23/22,14,29,5,1,1
710895,4/23/22,23,2,0,3,-1
710896,4/30/22,16,23,2,0,1
710897,5/1/22,4,8,1,0,1
710898,4/30/22,22,14,0,4,-1
710899,5/2/22,30,7,3,0,1
710900,4/30/22,2,18,0,1,-1
710901,4/30/22,12,15,1,2,-1
710902,5/1/22,13,9,3,1,1
710903,4/30/22,29,19,1,2,-1
710904,5/1/22,6,3,1,2,-1
710905,4/30/22,31,10,0,3,-1
710906,5/8/22,3,22,2,1,1
710907,5/7/22,7,12,3,0,1
710908,5/7/22,10,30,4,0,1
710909,5/7/22,19,16,1,3,-1
710910,5/7/22,8,31,2,2,0
710911,5/7/22,15,29,1,0,1
710912,5/8/22,9,4,1,2,-1
710913,5/7/22,18,13,1,1,0
710914,5/8/22,14,2,5,0,1
710915,5/8/22,23,6,0,4,-1
710916,5/15/22,16,15,1,1,0
710917,5/15/22,4,7,2,3,-1
710918,5/15/22,22,10,1,1,0
710919,4/28/22,30,8,1,1,0
710920,5/16/22,2,3,2,0,1
710921,5/17/22,12,18,1,2,-1
710922,5/15/22,13,19,1,0,1
710923,5/15/22,29,9,1,5,-1
710924,5/15/22,6,14,2,2,0
710925,5/15/22,31,23,1,1,0
710926,5/22/22,3,4,5,1,1
710927,5/22/22,7,22,1,2,-1
710928,5/22/22,10,6,3,1,1
710929,5/22/22,19,2,1,2,-1
710930,5/22/22,8,29,2,1,1
710931,5/22/22,15,30,1,0,1
710932,5/22/22,9,12,4,1,1
710933,5/22/22,18,31,3,1,1
710934,5/22/22,14,16,3,2,1
710935,5/22/22,23,13,0,5,-1
867946,8/5/22,15,3,0,2,-1
867947,8/6/22,11,18,2,2,0
867948,8/6/22,17,16,2,0,1
867949,8/6/22,22,31,2,1,1
867950,8/7/22,9,7,2,2,0
867951,8/6/22,2,5,2,0,1
867952,8/6/22,13,12,4,1,1
867953,8/6/22,4,8,0,1,-1
867954,8/7/22,30,10,1,2,-1
867955,8/7/22,6,14,0,2,-1
867956,8/13/22,3,9,4,2,1
867957,8/13/22,16,4,2,1,1
867958,8/13/22,7,30,4,0,1
867959,8/13/22,10,2,0,0,0
867960,8/14/22,8,13,2,2,0
867961,8/15/22,18,15,1,1,0
867962,8/13/22,14,17,4,0,1
867963,8/14/22,5,6,1,0,1
867964,8/13/22,12,22,2,2,0
867965,8/13/22,31,11,0,0,0
867966,8/20/22,17,3,0,3,-1
867967,8/20/22,15,16,3,1,1
867968,8/20/22,4,5,1,1,0
867969,8/20/22,11,7,3,2,1
867970,8/21/22,22,8,3,0,1
867971,8/20/22,9,12,1,2,-1
867972,8/22/22,30,18,2,1,1
867973,8/21/22,2,14,3,3,0
867974,8/20/22,13,31,1,0,1
867975,8/21/22,6,10,0,2,-1
867976,8/27/22,3,11,2,1,1
867977,8/28/22,16,6,0,1,-1
867978,8/27/22,7,4,1,1,0
867979,8/27/22,10,22,1,0,1
867980,8/27/22,8,9,2,1,1
867981,8/27/22,18,17,9,0,1
867982,8/27/22,14,15,4,2,1
867983,8/28/22,5,13,0,2,-1
867984,8/27/22,12,30,0,1,-1
867985,8/28/22,31,2,1,1,0
867986,8/31/22,17,31,0,0,0
867987,8/31/22,3,16,2,1,1
867988,8/30/22,11,10,2,1,1
867989,8/30/22,22,4,1,1,0
867990,9/1/22,9,30,0,1,-1
867991,8/31/22,6,13,1,1,0
867992,8/30/22,15,7,1,1,0
867993,8/30/22,12,8,2,1,1
867994,8/31/22,18,2,2,1,1
867995,8/31/22,14,5,6,0,1
867996,9/3/22,16,14,1,1,0
867997,9/3/22,7,22,5,2,1
867998,9/4/22,10,9,5,2,1
867999,9/3/22,8,6,2,1,1
868000,9/3/22,4,18,0,0,0
868001,9/4/22,30,3,3,1,1
868002,9/3/22,2,15,0,0,0
868003,9/3/22,5,17,2,3,-1
868004,9/3/22,13,11,2,1,1
868005,9/3/22,31,12,1,0,1
868006,4/4/23,17,10,0,2,-1
868007,3/1/23,3,4,4,0,1
868008,1/18/23,15,30,1,1,0
868009,1/12/23,11,8,2,1,1
868010,4/4/23,22,5,2,1,1
868011,4/4/23,9,16,1,2,-1
868012,3/1/23,18,31,2,0,1
868013,1/19/23,14,13,4,2,1
868014,3/15/23,12,7,0,2,-1
868015,4/5/23,6,2,1,5,-1
868016,9/16/22,16,12,1,0,1
868017,9/18/22,7,3,0,3,-1
868018,3/15/23,10,15,1,0,1
868019,4/4/23,8,18,0,0,0
868020,9/18/22,4,6,1,0,1
868021,2/8/23,30,22,2,2,0
868022,9/17/22,2,17,1,1,0
868023,9/16/22,5,11,2,3,-1
868024,9/17/22,13,9,6,2,1
868025,9/17/22,31,14,0,3,-1
868026,10/1/22,17,7,0,0,0
868027,10/1/22,3,13,3,1,1
868028,10/1/22,15,8,1,2,-1
868029,10/1/22,11,2,1,4,-1
868030,10/2/22,22,16,0,0,0
868031,10/3/22,9,5,4,0,1
868032,10/1/22,18,10,3,3,0
868033,10/2/22,14,30,6,3,1
868034,10/1/22,12,4,1,2,-1
868035,10/1/22,6,31,2,0,1
868036,10/8/22,17,9,2,1,1
868037,10/9/22,3,18,3,2,1
868038,10/8/22,10,13,0,1,-1
868039,10/8/22,8,31,3,0,1
868040,10/9/22,15,22,2,1,1
868041,10/9/22,4,30,1,2,-1
868042,10/8/22,14,12,4,0,1
868043,10/8/22,2,7,5,1,1
868044,10/10/22,5,16,1,1,0
868045,10/9/22,6,11,3,1,1
868046,10/16/22,16,8,0,2,-1
868047,10/14/22,7,10,2,0,1
868048,10/15/22,11,17,2,2,0
868049,10/16/22,22,3,0,1,-1
868050,10/15/22,9,15,0,0,0
868051,10/16/22,18,14,1,0,1
868052,10/16/22,30,2,0,0,0
868053,10/16/22,12,6,1,1,0
868054,10/15/22,13,4,2,0,1
868055,10/15/22,31,5,1,0,1
868056,10/19/22,17,12,0,1,-1
868057,2/15/23,3,14,1,3,-1
868058,10/19/22,7,8,0,0,0
868059,10/18/22,10,5,0,0,0
868060,10/20/22,11,16,3,0,1
868061,10/20/22,9,22,2,0,1
868062,10/18/22,15,31,2,1,1
868063,10/19/22,2,4,1,0,1
868064,10/19/22,18,6,1,0,1
868065,10/19/22,30,13,2,0,1
868066,10/23/22,16,7,4,0,1
868067,10/22/22,8,30,1,1,0
868068,10/22/22,4,15,3,0,1
868069,10/23/22,22,11,2,3,-1
868070,10/22/22,14,10,3,1,1
868071,10/22/22,5,18,1,0,1
868072,10/23/22,12,3,1,1,0
868073,10/23/22,13,2,1,2,-1
868074,10/24/22,6,17,2,0,1
868075,10/23/22,31,9,0,4,-1
868076,10/29/22,17,13,2,3,-1
868077,10/30/22,3,5,5,0,1
868078,10/29/22,7,31,1,1,0
868079,10/29/22,10,8,4,1,1
868080,10/29/22,15,12,1,0,1
868081,10/29/22,11,4,0,0,0
868082,10/29/22,9,14,0,1,-1
868083,10/29/22,18,22,1,2,-1
868084,10/30/22,30,6,1,0,1
868085,10/29/22,2,16,4,0,1
868086,11/6/22,16,30,3,1,1
868087,11/6/22,8,3,0,1,-1
868088,11/5/22,4,9,0,2,-1
868089,11/5/22,22,17,4,3,1
868090,11/5/22,14,11,2,1,1
868091,11/5/22,5,7,2,2,0
868092,11/6/22,12,2,1,4,-1
868093,11/6/22,13,18,1,2,-1
868094,11/6/22,6,15,1,2,-1
868095,11/5/22,31,10,2,3,-1
868096,11/12/22,17,4,3,0,1
868097,11/13/22,10,16,1,2,-1
868098,11/13/22,11,30,1,2,-1
868099,11/12/22,18,12,3,1,1
868100,11/12/22,14,7,1,2,-1
868101,11/12/22,2,8,1,0,1
868102,11/12/22,5,15,1,0,1
868103,11/12/22,13,22,4,3,1
868104,11/12/22,6,9,0,2,-1
868105,11/12/22,31,3,0,2,-1
868106,12/26/22,3,6,3,1,1
868107,12/26/22,16,18,1,3,-1
868108,12/26/22,7,13,2,2,0
868109,12/27/22,8,17,2,0,1
868110,12/26/22,15,11,0,3,-1
868111,12/26/22,4,31,1,2,-1
868112,12/28/22,22,14,1,3,-1
868113,12/26/22,9,2,0,3,-1
868114,12/27/22,30,5,3,0,1
868115,12/26/22,12,10,1,3,-1
868116,12/31/22,17,15,0,2,-1
868117,12/31/22,10,3,2,4,-1
868118,12/31/22,11,12,2,1,1
868119,12/30/22,18,9,2,1,1
868120,12/31/22,14,4,1,1,0
868121,12/31/22,2,22,0,0,0
868122,1/1/23,5,8,1,1,0
868123,1/1/23,13,16,0,2,-1
868124,12/30/22,6,7,0,2,-1
868125,12/31/22,31,30,0,1,-1
868126,1/3/23,3,2,0,0,0
868127,1/4/23,16,31,1,1,0
868128,1/2/23,7,18,3,1,1
868129,1/5/23,8,14,0,1,-1
868130,1/4/23,15,13,0,4,-1
868131,1/3/23,4,10,1,4,-1
868132,1/4/23,22,6,2,2,0
868133,1/3/23,9,11,0,1,-1
868134,1/3/23,30,17,3,0,1
868135,1/4/23,12,5,0,1,-1
868136,1/13/23,16,22,2,1,1
868137,1/14/23,7,17,2,0,1
868138,1/14/23,10,18,3,0,1
868139,1/15/23,8,15,1,0,1
868140,1/14/23,4,12,1,2,-1
868141,1/14/23,30,14,2,1,1
868142,1/15/23,2,11,1,0,1
868143,1/14/23,5,9,2,0,1
868144,1/15/23,13,3,0,2,-1
868145,1/14/23,31,6,1,0,1
868146,1/21/23,17,5,1,1,0
868147,1/22/23,3,30,3,2,1
868148,1/21/23,15,2,0,0,0
868149,1/23/23,11,13,0,1,-1
868150,1/22/23,22,7,0,0,0
868151,1/21/23,9,10,2,2,0
868152,1/21/23,18,8,0,0,0
868153,1/22/23,14,31,3,0,1
868154,1/21/23,12,16,0,1,-1
868155,1/21/23,6,4,2,0,1
868156,2/4/23,16,9,2,4,-1
868157,2/4/23,7,12,3,0,1
868158,2/4/23,10,17,1,0,1
868159,2/3/23,8,11,0,0,0
868160,2/4/23,4,3,1,0,1
868161,2/4/23,30,15,2,1,1
868162,2/4/23,2,6,1,1,0
868163,2/5/23,5,22,1,0,1
868164,2/5/23,13,14,1,0,1
868165,2/4/23,31,18,3,0,1
868166,2/11/23,17,2,1,1,0
868167,2/11/23,3,7,1,1,0
868168,2/11/23,15,10,1,1,0
868169,2/11/23,11,5,2,0,1
868170,2/12/23,22,30,0,2,-1
868171,2/11/23,9,13,4,1,1
868172,2/13/23,18,4,2,0,1
868173,2/12/23,14,16,3,1,1
868174,2/11/23,12,31,1,2,-1
868175,2/11/23,6,8,1,1,0
868176,2/18/23,16,3,2,4,-1
868177,2/18/23,7,15,1,1,0
868178,2/18/23,10,11,0,1,-1
868179,2/18/23,8,12,0,1,-1
868180,2/18/23,4,22,1,0,1
868181,2/19/23,30,9,3,0,1
868182,2/18/23,2,18,0,2,-1
868183,2/18/23,5,14,1,1,0
868184,2/19/23,13,6,2,0,1
868185,2/18/23,31,17,0,1,-1
868186,2/25/23,17,14,1,4,-1
868187,2/25/23,15,18,0,0,0
868188,2/25/23,4,16,0,2,-1
868189,2/24/23,11,31,1,1,0
868190,2/25/23,22,12,1,0,1
868191,2/25/23,9,3,0,1,-1
868192,4/5/23,30,7,1,0,1
868193,5/18/23,2,10,4,1,1
868194,2/26/23,13,8,2,0,1
868195,2/25/23,6,5,4,0,1
868196,3/4/23,3,17,3,2,1
868197,3/4/23,16,15,1,0,1
868198,3/6/23,7,11,3,2,1
868199,3/4/23,10,6,4,0,1
868200,3/4/23,8,22,1,0,1
868201,3/5/23,18,30,7,0,1
868202,3/4/23,14,2,2,0,1
868203,3/5/23,5,4,2,2,0
868204,3/4/23,12,9,1,0,1
868205,3/4/23,31,13,1,0,1
868206,3/11/23,17,18,1,0,1
868207,3/11/23,15,14,0,1,-1
868208,3/11/23,4,7,1,0,1
868209,3/12/23,11,3,0,3,-1
868210,3/11/23,22,10,2,2,0
868211,3/11/23,9,8,1,3,-1
868212,3/12/23,30,12,0,0,0
868213,3/12/23,2,31,2,1,1
868214,3/11/23,13,5,3,1,1
868215,3/12/23,6,16,1,1,0
868216,3/19/23,3,15,4,1,1
868217,3/18/23,16,17,3,0,1
868218,3/18/23,7,9,1,1,0
868219,5/4/23,10,30,1,0,1
868220,3/18/23,8,4,2,2,0
868221,5/3/23,18,11,1,0,1
868222,5/3/23,14,6,3,0,1
868223,3/17/23,5,2,1,2,-1
868224,3/18/23,12,13,3,3,0
868225,3/18/23,31,22,2,4,-1
868226,4/1/23,17,11,2,1,1
868227,4/1/23,3,22,4,1,1
868228,4/1/23,10,7,3,3,0
868229,4/1/23,8,16,0,2,-1
868230,4/1/23,15,9,2,1,1
868231,4/3/23,4,13,1,1,0
868232,4/1/23,14,18,4,1,1
868233,4/2/23,2,30,2,0,1
868234,4/1/23,5,31,1,1,0
868235,4/2/23,6,12,1,0,1
868236,4/8/23,16,5,2,0,1
868237,4/8/23,7,2,1,2,-1
868238,4/8/23,11,6,0,1,-1
868239,4/9/23,22,15,1,5,-1
868240,4/8/23,9,17,0,1,-1
868241,4/9/23,18,3,2,2,0
868242,4/8/23,30,4,2,0,1
868243,4/8/23,12,14,1,4,-1
868244,4/8/23,13,10,2,1,1
868245,4/8/23,31,8,1,0,1
868246,4/15/23,16,2,3,0,1
868247,4/15/23,8,10,1,2,-1
868248,4/15/23,4,11,1,3,-1
868249,4/17/23,22,18,1,6,-1
868250,4/15/23,14,9,3,1,1
868251,4/16/23,5,30,0,2,-1
868252,4/15/23,12,15,0,2,-1
868253,4/15/23,13,17,2,3,-1
868254,4/16/23,6,3,2,2,0
868255,4/15/23,31,7,2,0,1
868256,4/23/23,17,6,0,4,-1
868257,4/21/23,3,12,3,3,0
868258,4/22/23,7,16,1,1,0
868259,5/24/23,10,14,1,1,0
868260,4/22/23,15,4,0,0,0
868261,4/22/23,11,22,2,1,1
868262,4/22/23,9,31,2,1,1
868263,4/22/23,18,5,3,2,1
868264,5/25/23,30,8,4,1,1
868265,4/23/23,2,13,6,1,1
868266,4/27/23,4,2,1,4,-1
868267,4/25/23,22,9,1,1,0
868268,4/26/23,5,10,3,1,1
868269,4/27/23,13,30,2,2,0
868270,4/26/23,6,18,1,2,-1
868271,4/25/23,31,15,2,0,1
868272,4/25/23,16,11,1,0,1
868273,4/26/23,8,7,0,2,-1
868274,4/27/23,12,17,0,1,-1
868275,4/26/23,14,3,4,1,1
868276,4/30/23,17,22,4,1,1
868277,5/2/23,3,8,3,1,1
868278,4/29/23,7,5,2,1,1
868279,4/29/23,10,31,6,0,1
868280,4/29/23,15,6,4,3,1
868281,4/30/23,11,14,1,2,-1
868282,5/1/23,9,4,2,2,0
868283,4/30/23,18,13,4,3,1
868284,4/30/23,30,16,1,0,1
868285,4/30/23,2,12,3,1,1
868286,5/6/23,17,8,1,3,-1
868287,5/8/23,10,4,1,5,-1
868288,5/8/23,11,9,5,3,1
868289,5/6/23,18,7,1,0,1
868290,5/6/23,14,22,2,1,1
868291,5/7/23,2,3,0,2,-1
868292,5/8/23,5,12,4,3,1
868293,5/6/23,13,15,1,0,1
868294,5/7/23,6,30,1,0,1
868295,5/6/23,31,16,1,0,1
868296,5/14/23,3,10,0,3,-1
868297,5/13/23,16,13,2,1,1
868298,5/14/23,7,6,2,0,1
868299,5/13/23,8,5,2,2,0
868300,5/13/23,15,17,2,0,1
868301,5/14/23,4,14,0,3,-1
868302,5/13/23,22,2,2,2,0
868303,5/15/23,9,18,0,3,-1
868304,5/13/23,30,31,2,0,1
868305,5/13/23,12,11,0,2,-1
868306,5/20/23,17,30,0,1,-1
868307,5/21/23,10,12,3,1,1
868308,5/20/23,11,15,2,2,0
868309,5/20/23,18,16,1,1,0
868310,5/21/23,14,8,1,0,1
868311,5/22/23,2,9,0,0,0
868312,5/20/23,5,3,1,0,1
868313,5/20/23,13,7,1,3,-1
868314,5/21/23,6,22,3,1,1
868315,5/20/23,31,4,1,1,0
868316,5/28/23,3,31,5,0,1
868317,5/28/23,16,10,2,1,1
868318,5/28/23,7,14,1,0,1
868319,5/28/23,8,2,1,1,0
868320,5/28/23,15,5,1,1,0
868321,5/28/23,4,17,1,0,1
868322,5/28/23,22,13,1,4,-1
868323,5/28/23,9,6,2,1,1
868324,5/28/23,30,11,2,1,1
868325,5/28/23,12,18,4,4,0
1035037,8/11/23,19,14,0,3,-1
1035038,8/12/23,3,5,2,1,1
1035039,8/12/23,17,6,1,1,0
1035040,8/12/23,10,20,4,1,1
1035041,8/12/23,4,11,0,1,-1
1035042,8/12/23,21,15,0,1,-1
1035043,8/12/23,2,16,5,1,1
1035044,8/13/23,7,13,2,2,0
1035045,8/13/23,8,18,1,1,0
1035046,8/14/23,30,31,1,0,1
1035047,8/20/23,16,4,4,0,1
1035048,8/21/23,15,3,0,1,-1
1035049,8/19/23,11,7,0,3,-1
1035050,8/19/23,18,17,3,1,1
1035051,10/3/23,20,19,1,2,-1
1035052,8/19/23,14,2,1,0,1
1035053,8/18/23,5,21,2,1,1
1035054,8/19/23,13,30,2,0,1
1035055,8/20/23,6,8,3,1,1
1035056,8/19/23,31,10,1,4,-1
1035057,8/26/23,17,13,0,2,-1
1035058,8/26/23,3,11,2,2,0
1035059,8/26/23,7,15,1,1,0
1035060,8/26/23,10,6,1,3,-1
1035061,8/27/23,19,16,1,3,-1
1035062,8/25/23,8,20,3,0,1
1035063,8/26/23,4,31,0,1,-1
1035064,8/26/23,30,5,3,2,1
1035065,8/27/23,2,18,1,2,-1
1035066,8/27/23,21,14,1,2,-1
1035067,9/3/23,3,30,3,1,1
1035068,9/2/23,7,17,2,2,0
1035069,9/2/23,10,2,3,1,1
1035070,9/2/23,19,13,2,5,-1
1035071,9/2/23,8,5,0,1,-1
1035072,9/3/23,15,31,3,2,1
1035073,9/3/23,18,16,3,0,1
1035074,9/1/23,20,6,1,2,-1
1035075,9/2/23,14,11,5,1,1
1035076,9/2/23,21,4,2,2,0
1035077,9/17/23,17,8,0,0,0
1035078,9/16/23,16,15,3,1,1
1035079,9/17/23,4,3,0,1,-1
1035080,9/16/23,11,20,1,0,1
1035081,9/16/23,30,10,1,3,-1
1035082,9/16/23,2,7,1,0,1
1035083,9/18/23,5,19,1,1,0
1035084,9/16/23,13,21,2,1,1
1035085,9/16/23,6,14,1,3,-1
1035086,9/16/23,31,18,1,3,-1
1035087,9/24/23,3,13,2,2,0
1035088,9/23/23,7,4,1,3,-1
1035089,9/24/23,10,17,3,1,1
1035090,9/23/23,19,30,0,1,-1
1035091,9/24/23,8,16,0,1,-1
1035092,9/23/23,15,11,0,0,0
1035093,9/24/23,18,6,3,1,1
1035094,9/23/23,20,31,1,1,0
1035095,9/23/23,14,5,2,0,1
1035096,9/24/23,21,2,0,8,-1
1035097,9/30/23,17,3,0,4,-1
1035098,9/30/23,16,10,6,1,1
1035099,9/30/23,4,20,1,2,-1
1035100,10/2/23,11,8,0,2,-1
1035101,9/30/23,30,15,0,1,-1
1035102,9/30/23,2,19,2,0,1
1035103,10/1/23,5,7,1,1,0
1035104,9/30/23,13,18,2,1,1
1035105,9/30/23,6,21,2,0,1
1035106,9/30/23,31,14,2,1,1
1035107,10/8/23,3,14,1,0,1
1035108,10/8/23,10,18,2,2,0
1035109,10/7/23,19,8,1,4,-1
1035110,10/7/23,15,5,0,0,0
1035111,10/7/23,4,17,3,0,1
1035112,10/7/23,11,21,3,1,1
1035113,10/7/23,20,13,0,1,-1
1035114,10/7/23,30,7,2,1,1
1035115,10/8/23,6,2,2,2,0
1035116,10/8/23,31,16,1,1,0
1035117,10/21/23,17,31,1,2,-1
1035118,10/22/23,16,6,4,1,1
1035119,10/21/23,7,19,3,0,1
1035120,10/21/23,8,3,2,2,0
1035121,10/21/23,18,4,2,0,1
1035122,10/21/23,14,10,2,1,1
1035123,10/21/23,2,15,4,0,1
1035124,10/21/23,5,20,2,2,0
1035125,10/21/23,21,30,1,2,-1
1035126,10/23/23,13,11,2,0,1
1035127,10/28/23,17,19,2,1,1
1035128,10/28/23,3,21,5,0,1
1035129,10/29/23,16,20,3,1,1
1035130,10/29/23,10,11,1,1,0
1035131,10/28/23,8,7,0,2,-1
1035132,10/27/23,15,13,1,2,-1
1035133,10/29/23,18,5,3,0,1
1035134,10/29/23,30,14,0,3,-1
1035135,10/29/23,6,4,0,1,-1
1035136,10/28/23,31,2,2,2,0
1035137,11/4/23,7,6,3,2,1
1035138,11/4/23,19,15,0,2,-1
1035139,11/4/23,4,10,1,1,0
1035140,11/4/23,11,30,0,1,-1
1035141,11/5/23,20,18,1,1,0
1035142,11/4/23,14,17,6,1,1
1035143,11/4/23,2,3,1,0,1
1035144,11/5/23,5,16,2,0,1
1035145,11/4/23,21,31,2,1,1
1035146,11/6/23,13,8,1,4,-1
1035147,11/11/23,17,2,2,0,1
1035148,11/11/23,3,19,3,1,1
1035149,11/12/23,16,11,3,1,1
1035150,11/12/23,10,21,1,1,0
1035151,11/12/23,8,14,4,4,0
1035152,11/11/23,15,4,2,3,-1
1035153,11/12/23,18,7,3,0,1
1035154,11/11/23,30,20,1,0,1
1035155,11/12/23,6,5,3,2,1
1035156,11/11/23,31,13,2,1,1
1035294,11/25/23,7,3,0,1,-1
1035295,11/25/23,19,6,1,2,-1
1035296,11/26/23,4,30,0,3,-1
1035297,11/27/23,11,31,3,2,1
1035298,11/25/23,20,15,2,1,1
1035299,11/25/23,14,18,1,1,0
1035300,11/25/23,2,8,4,1,1
1035301,11/25/23,5,10,2,3,-1
1035302,11/25/23,21,17,1,3,-1
1035303,11/26/23,13,16,1,2,-1
1035304,12/3/23,17,16,2,2,0
1035305,12/2/23,3,31,2,1,1
1035306,12/2/23,7,20,3,1,1
1035307,12/2/23,19,21,5,0,1
1035308,12/3/23,8,10,3,2,1
1035309,12/3/23,18,11,4,3,1
1035310,12/3/23,14,13,3,3,0
1035311,12/2/23,2,30,1,0,1
1035312,12/2/23,5,4,0,1,-1
1035313,12/3/23,6,15,1,1,0
1035314,12/6/23,16,14,1,0,1
1035315,12/6/23,10,7,2,1,1
1035316,12/7/23,4,2,3,0,1
1035317,12/6/23,11,5,5,0,1
1035318,12/5/23,20,3,3,4,-1
1035319,12/6/23,21,18,0,2,-1
1035320,12/7/23,13,6,1,2,-1
1035321,12/5/23,31,19,1,0,1
1035322,12/6/23,15,17,0,2,-1
1035323,12/6/23,30,8,2,1,1
1035324,12/9/23,16,3,1,0,1
1035325,12/9/23,10,19,1,1,0
1035326,12/9/23,15,18,1,2,-1
1035327,12/10/23,4,8,2,0,1
1035328,12/10/23,11,6,5,0,1
1035329,12/10/23,20,14,1,2,-1
1035330,12/9/23,30,17,0,3,-1
1035331,12/9/23,21,7,1,0,1
1035332,12/10/23,13,2,4,1,1
1035333,12/9/23,31,5,1,1,0
1035334,3/13/24,17,20,4,3,1
1035335,12/17/23,3,10,2,0,1
1035336,12/17/23,7,16,1,2,-1
1035337,12/16/23,19,4,0,2,-1
1035338,12/16/23,8,21,2,0,1
1035339,12/17/23,18,30,0,0,0
1035340,12/16/23,14,15,2,2,0
1035341,12/16/23,2,11,3,0,1
1035342,12/15/23,5,13,0,2,-1
1035343,12/17/23,6,31,3,0,1
1035344,12/22/23,16,21,1,1,0
1035345,12/21/23,15,10,1,1,0
1035346,12/23/23,11,19,0,2,-1
1035347,12/23/23,18,3,1,1,0
1035348,12/23/23,20,2,1,0,1
1035349,2/20/24,14,7,1,0,1
1035350,12/23/23,5,17,2,3,-1
1035351,12/23/23,13,4,2,1,1
1035352,12/23/23,6,30,2,0,1
1035353,12/24/23,31,8,2,1,1
1035354,12/26/23,17,11,3,0,1
1035355,12/28/23,3,6,0,2,-1
1035356,12/27/23,7,31,1,4,-1
1035357,12/28/23,10,13,4,2,1
1035358,12/26/23,19,18,0,2,-1
1035359,12/27/23,8,15,2,1,1
1035360,12/27/23,4,14,1,3,-1
1035361,12/26/23,30,16,3,2,1
1035362,12/26/23,2,5,1,3,-1
1035363,12/26/23,21,20,2,3,-1
1035364,12/30/23,16,19,3,2,1
1035365,12/30/23,15,7,3,1,1
1035366,12/31/23,11,3,2,1,1
1035367,1/1/24,18,2,4,2,1
1035368,12/30/23,20,8,2,3,-1
1035369,12/30/23,14,21,2,0,1
1035370,12/30/23,5,30,2,1,1
1035371,12/31/23,13,17,3,1,1
1035372,1/2/24,6,10,0,0,0
1035373,12/30/23,31,4,3,0,1
1035374,1/21/24,17,18,0,4,-1
1035375,1/20/24,3,15,5,0,1
1035376,1/20/24,7,5,3,2,1
1035377,1/22/24,10,31,0,0,0
1035378,1/12/24,19,20,1,1,0
1035379,1/13/24,8,11,1,0,1
1035380,1/14/24,4,16,0,0,0
1035381,1/14/24,30,13,2,2,0
1035382,1/13/24,2,14,2,3,-1
1035383,1/21/24,21,6,2,2,0
1035384,1/30/24,16,2,1,3,-1
1035385,1/30/24,11,4,0,0,0
1035386,1/30/24,20,10,4,0,1
1035387,1/30/24,5,3,1,2,-1
1035388,1/31/24,13,7,3,2,1
1035389,2/1/24,6,17,1,1,0
1035390,2/1/24,31,30,3,4,-1
1035391,1/30/24,15,21,3,2,1
1035392,1/31/24,18,8,4,1,1
1035393,1/31/24,14,19,3,1,1
1035394,2/4/24,17,5,1,1,0
1035395,2/4/24,3,18,3,1,1
1035396,2/5/24,7,14,1,3,-1
1035397,2/3/24,10,15,4,1,1
1035398,2/3/24,19,11,2,2,0
1035399,2/4/24,8,31,2,4,-1
1035400,2/3/24,4,13,2,2,0
1035401,2/4/24,30,6,3,0,1
1035402,2/3/24,2,20,4,4,0
1035403,2/3/24,21,16,0,5,-1
1035404,2/11/24,16,30,1,2,-1
1035405,2/12/24,15,8,1,3,-1
1035406,2/10/24,11,17,3,1,1
1035407,2/10/24,18,19,3,1,1
1035408,2/10/24,20,21,1,3,-1
1035409,2/10/24,14,4,2,0,1
1035410,2/10/24,5,2,2,3,-1
1035411,2/10/24,13,10,2,1,1
1035412,2/11/24,6,3,0,6,-1
1035413,2/10/24,31,7,0,2,-1
1035414,2/17/24,7,18,1,4,-1
1035415,2/17/24,19,3,0,5,-1
1035416,2/19/24,4,15,1,1,0
1035417,2/17/24,11,16,1,2,-1
1035418,2/18/24,20,30,1,2,-1
1035419,2/17/24,14,8,1,1,0
1035420,2/17/24,2,17,2,2,0
1035421,2/17/24,5,6,2,0,1
1035422,2/18/24,21,10,0,5,-1
1035423,2/17/24,13,31,1,2,-1
1035424,2/24/24,17,14,0,1,-1
1035425,2/24/24,3,2,4,1,1
1035426,2/24/24,16,5,4,2,1
1035427,2/24/24,10,4,1,1,0
1035428,5/2/24,8,13,2,0,1
1035429,2/24/24,15,19,3,0,1
1035430,2/21/24,18,20,4,1,1
1035431,2/24/24,30,11,1,2,-1
1035432,2/26/24,6,7,4,2,1
1035433,2/25/24,31,21,1,0,1
1035434,3/2/24,7,8,2,2,0
1035435,3/3/24,19,17,0,2,-1
1035436,3/2/24,4,6,1,3,-1
1035437,3/2/24,11,10,3,0,1
1035438,3/2/24,20,16,2,3,-1
1035439,3/3/24,14,30,3,1,1
1035440,3/2/24,2,31,3,0,1
1035441,3/2/24,5,18,0,1,-1
1035442,3/4/24,21,3,0,6,-1
1035443,3/2/24,13,15,3,1,1
1035444,3/9/24,17,21,2,2,0
1035445,3/9/24,3,7,2,1,1
1035446,3/10/24,16,13,0,4,-1
1035447,3/10/24,10,5,1,0,1
1035448,3/11/24,8,2,3,2,1
1035449,3/9/24,15,20,1,1,0
1035450,3/10/24,18,14,1,1,0
1035451,3/9/24,30,4,2,0,1
1035452,3/10/24,6,19,2,2,0
1035453,3/9/24,31,11,2,1,1
1035454,4/23/24,3,8,5,0,1
1035455,4/25/24,10,14,0,4,-1
1035456,3/16/24,19,7,2,1,1
1035457,4/24/24,15,2,2,0,1
1035458,4/24/24,4,18,2,0,1
1035459,3/16/24,11,13,3,0,1
1035460,3/16/24,20,5,1,1,0
1035461,4/24/24,30,21,4,2,1
1035462,3/17/24,6,16,1,1,0
1035463,4/24/24,31,17,0,1,-1
1035464,3/30/24,17,4,2,1,1
1035465,3/30/24,16,31,2,0,1
1035466,3/30/24,7,30,1,1,0
1035467,3/30/24,8,19,2,2,0
1035468,3/31/24,18,10,2,1,1
1035469,3/31/24,14,3,0,0,0
1035470,3/30/24,2,6,4,3,1
1035471,3/30/24,5,15,1,1,0
1035472,3/30/24,21,11,3,3,0
1035473,3/30/24,13,20,2,1,1
1035474,4/2/24,17,15,1,0,1
1035475,4/3/24,3,20,2,0,1
1035476,4/3/24,7,10,0,0,0
1035477,4/2/24,19,31,1,1,0
1035478,4/2/24,5,11,3,1,1
1035479,4/2/24,6,13,1,1,0
1035480,4/4/24,8,30,4,3,1
1035481,4/2/24,2,4,1,1,0
1035482,4/4/24,18,21,3,1,1
1035483,4/3/24,14,16,4,1,1
1035484,4/6/24,16,7,3,3,0
1035485,4/6/24,10,3,0,3,-1
1035486,4/6/24,15,14,2,4,-1
1035487,4/6/24,4,19,1,0,1
1035488,4/6/24,11,2,0,1,-1
1035489,4/6/24,20,17,2,1,1
1035490,4/7/24,30,18,2,2,0
1035491,4/7/24,21,8,2,2,0
1035492,4/7/24,13,5,3,1,1
1035493,4/6/24,31,6,1,2,-1
1035494,4/13/24,17,30,2,2,0
1035495,4/14/24,3,16,0,2,-1
1035496,4/13/24,7,21,2,0,1
1035497,4/13/24,19,10,1,1,0
1035498,4/15/24,8,4,6,0,1
1035499,4/14/24,18,15,0,1,-1
1035500,4/13/24,14,20,5,1,1
1035501,4/13/24,2,13,4,0,1
1035502,4/13/24,5,31,2,2,0
1035503,4/14/24,6,11,0,2,-1
1035504,4/21/24,16,17,3,1,1
1035505,5/15/24,10,8,1,2,-1
1035506,4/21/24,15,6,5,2,1
1035507,4/21/24,4,5,2,0,1
1035508,4/21/24,11,18,1,3,-1
1035509,4/20/24,20,7,1,5,-1
1035510,5/15/24,30,2,3,2,1
1035511,4/20/24,21,19,1,4,-1
1035512,5/14/24,13,14,0,2,-1
1035513,4/20/24,31,3,0,2,-1
1035514,4/28/24,17,10,3,0,1
1035515,4/27/24,16,8,2,2,0
1035516,4/27/24,4,7,1,0,1
1035517,4/27/24,11,15,1,1,0
1035518,4/27/24,30,19,1,1,0
1035519,4/27/24,2,21,5,1,1
1035520,4/28/24,5,14,0,2,-1
1035521,4/28/24,13,3,2,3,-1
1035522,4/27/24,6,18,2,2,0
1035523,4/27/24,31,20,2,1,1
1035524,5/4/24,3,17,3,0,1
1035525,5/4/24,7,11,0,0,0
1035526,5/5/24,10,16,1,0,1
1035527,5/4/24,19,2,1,4,-1
1035528,5/5/24,8,6,5,0,1
1035529,5/6/24,15,30,4,0,1
1035530,5/5/24,18,13,4,2,1
1035531,5/3/24,20,4,1,1,0
1035532,5/4/24,14,31,5,1,1
1035533,5/4/24,21,5,1,3,-1
1035534,5/11/24,17,7,1,2,-1
1035535,5/13/24,16,18,3,3,0
1035536,5/11/24,4,21,1,0,1
1035537,5/11/24,11,14,0,4,-1
1035538,5/12/24,30,3,0,1,-1
1035539,5/11/24,2,10,1,1,0
1035540,5/11/24,5,8,2,3,-1
1035541,5/11/24,13,19,2,1,1
1035542,5/11/24,6,20,3,1,1
1035543,5/11/24,31,15,1,3,-1
1035544,5/19/24,3,4,2,1,1
1035545,5/19/24,7,2,2,4,-1
1035546,5/19/24,10,30,0,2,-1
1035547,5/19/24,19,5,1,2,-1
1035548,5/19/24,8,17,2,1,1
1035549,5/19/24,15,16,5,0,1
1035550,5/19/24,18,31,2,0,1
1035551,5/19/24,20,11,2,4,-1
1035552,5/19/24,14,6,3,1,1
1035553,5/19/24,21,13,0,3,-1
1208021,8/16/24,30,11,1,0,1
1208022,8/17/24,1,18,0,2,-1
1208023,8/17/24,3,31,2,0,1
1208024,8/17/24,4,10,0,3,-1
1208025,8/17/24,2,12,1,0,1
1208026,8/17/24,5,17,1,1,0
1208027,8/17/24,6,16,1,2,-1
1208028,8/18/24,7,15,2,1,1
1208029,8/18/24,8,14,0,2,-1
1208030,8/19/24,9,13,1,1,0
1208031,8/25/24,17,2,1,1,0
1208032,8/24/24,16,3,0,2,-1
1208033,8/24/24,10,30,2,1,1
1208034,8/24/24,15,6,0,2,-1
1208035,8/24/24,11,9,2,1,1
1208036,8/25/24,18,7,2,0,1
1208037,8/24/24,14,1,4,1,1
1208038,8/24/24,12,5,0,1,-1
1208039,8/24/24,13,4,4,0,1
1208040,8/25/24,31,8,2,6,-1
1208041,8/31/24,3,10,1,1,0
1208042,8/31/24,7,12,3,1,1
1208043,9/1/24,8,15,1,1,0
1208044,8/31/24,4,17,2,3,-1
1208045,8/31/24,1,11,1,1,0
1208046,8/31/24,9,16,1,2,-1
1208047,9/1/24,30,18,0,3,-1
1208048,9/1/24,2,13,2,1,1
1208049,8/31/24,5,31,1,1,0
1208050,8/31/24,6,14,1,3,-1
1208051,9/14/24,17,8,0,1,-1
1208052,9/14/24,16,4,3,2,1
1208053,9/14/24,10,1,0,0,0
1208054,9/14/24,15,9,2,2,0
1208055,9/14/24,11,6,1,1,0
1208056,9/14/24,18,5,0,1,-1
1208057,9/14/24,14,7,2,1,1
1208058,9/14/24,12,30,0,3,-1
1208059,9/15/24,13,3,0,1,-1
1208060,9/15/24,31,2,1,2,-1
1208061,9/21/24,16,31,3,1,1
1208062,9/22/24,10,5,2,2,0
1208063,9/21/24,15,30,0,0,0
1208064,9/21/24,11,2,3,1,1
1208065,9/21/24,9,4,1,1,0
1208066,9/21/24,18,17,3,0,1
1208067,9/22/24,14,3,2,2,0
1208068,9/21/24,12,1,1,1,0
1208069,9/21/24,13,7,3,1,1
1208070,9/21/24,6,8,0,3,-1
1208071,9/30/24,17,12,3,1,1
1208072,9/28/24,3,9,4,2,1
1208073,9/28/24,7,6,1,1,0
1208074,9/28/24,8,10,4,2,1
1208075,9/28/24,4,15,2,1,1
1208076,9/29/24,1,16,2,2,0
1208077,9/29/24,30,13,0,3,-1
1208078,9/28/24,2,14,1,1,0
1208079,9/28/24,5,11,0,1,-1
1208080,9/28/24,31,18,1,2,-1
1208081,10/5/24,3,12,3,1,1
1208082,10/6/24,16,30,0,0,0
1208083,10/5/24,7,31,5,3,1
1208084,10/6/24,10,13,3,2,1
1208085,10/6/24,8,5,1,1,0
1208086,10/5/24,15,18,0,1,-1
1208087,10/5/24,4,2,0,0,0
1208088,10/5/24,9,17,1,0,1
1208089,10/5/24,14,11,3,2,1
1208090,10/5/24,6,1,4,1,1
1208091,10/19/24,17,3,2,0,1
1208092,10/19/24,11,16,1,3,-1
1208093,10/19/24,1,4,0,2,-1
1208094,10/20/24,18,8,2,1,1
1208095,10/19/24,30,7,2,1,1
1208096,10/19/24,2,10,0,1,-1
1208097,10/21/24,5,15,1,0,1
1208098,10/19/24,12,9,2,3,-1
1208099,10/19/24,13,6,4,1,1
1208100,10/20/24,31,14,1,2,-1
1208103,10/27/24,3,18,2,2,0
1208104,10/26/24,16,17,1,1,0
1208105,10/26/24,7,1,4,3,1
1208106,10/26/24,10,31,2,2,0
1208107,10/27/24,8,2,2,1,1
1208108,10/27/24,15,13,1,0,1
1208109,10/26/24,4,11,1,1,0
1208110,10/25/24,9,5,1,3,-1
1208111,10/26/24,14,12,1,0,1
1208112,10/27/24,6,30,2,1,1
1208113,11/2/24,17,14,2,1,1
1208114,11/4/24,11,7,2,1,1
1208115,11/2/24,1,9,1,1,0
1208116,11/2/24,18,10,2,1,1
1208117,11/3/24,30,8,1,1,0
1208118,11/2/24,2,3,1,0,1
1208119,11/2/24,5,6,3,0,1
1208120,11/2/24,12,4,1,0,1
1208121,11/3/24,13,16,4,1,1
1208122,11/2/24,31,15,2,2,0
1208123,11/9/24,7,17,3,2,1
1208124,11/9/24,10,14,2,1,1
1208125,11/10/24,8,3,1,1,0
1208126,11/9/24,15,11,0,2,-1
1208127,11/9/24,18,16,2,0,1
1208128,11/10/24,30,9,3,0,1
1208129,11/10/24,5,2,1,3,-1
1208130,11/10/24,13,1,1,2,-1
1208131,11/9/24,6,4,0,0,0
1208132,11/9/24,31,12,2,0,1
1208133,11/23/24,17,10,1,2,-1
1208134,11/23/24,3,5,3,0,1
1208135,11/23/24,16,15,2,2,0
1208136,11/23/24,4,7,0,0,0
1208137,11/23/24,11,31,1,4,-1
1208138,11/24/24,1,30,1,1,0
1208139,11/23/24,9,8,1,2,-1
1208140,11/23/24,14,13,0,4,-1
1208141,11/25/24,2,6,0,2,-1
1208142,11/24/24,12,18,2,3,-1
1208143,11/30/24,7,9,4,1,1
1208144,11/29/24,10,12,1,1,0
1208145,12/1/24,8,16,3,0,1
1208146,11/30/24,15,2,1,1,0
1208147,12/1/24,18,14,2,0,1
1208148,12/1/24,30,4,4,0,1
1208149,11/30/24,5,1,1,0,1
1208150,12/1/24,13,11,1,1,0
1208151,11/30/24,6,3,2,5,-1
1208152,11/30/24,31,17,2,4,-1
1208153,12/5/24,17,13,1,0,1
1208154,12/4/24,3,30,2,0,1
1208155,12/4/24,16,7,3,1,1
1208156,12/4/24,4,31,4,0,1
1208157,12/5/24,11,10,3,1,1
1208158,12/3/24,1,15,0,1,-1
1208159,12/3/24,9,6,3,1,1
1208160,12/4/24,14,5,3,0,1
1208161,12/4/24,2,18,3,3,0
1208162,12/4/24,12,8,1,5,-1
1208163,12/7/24,16,12,1,0,1
1208164,12/7/24,7,2,4,2,1
1208165,12/7/24,15,14,2,2,0
1208166,2/12/25,4,18,2,2,0
1208167,12/8/24,11,3,1,1,0
1208168,12/8/24,1,17,1,2,-1
1208169,12/8/24,9,10,2,2,0
1208170,12/7/24,30,5,2,3,-1
1208171,12/8/24,13,8,3,4,-1
1208172,12/9/24,6,31,2,1,1
1208173,12/16/24,17,6,1,1,0
1208174,12/14/24,3,4,0,0,0
1208175,12/15/24,10,15,1,3,-1
1208176,12/15/24,8,7,2,1,1
1208177,12/14/24,18,11,2,2,0
1208178,12/15/24,14,30,1,2,-1
1208179,12/14/24,2,9,4,0,1
1208180,12/14/24,5,16,2,1,1
1208181,12/15/24,12,13,0,5,-1
1208182,12/14/24,31,1,1,2,-1
1208183,12/21/24,16,14,2,1,1
1208184,12/21/24,7,5,0,2,-1
1208185,12/21/24,15,3,1,5,-1
1208186,12/22/24,4,8,0,0,0
1208187,12/22/24,11,12,0,0,0
1208188,12/21/24,1,2,0,4,-1
1208189,12/22/24,9,31,0,3,-1
1208190,12/22/24,30,17,0,3,-1
1208191,12/22/24,13,18,3,6,-1
1208192,12/21/24,6,10,1,1,0
1208193,12/26/24,17,15,0,0,0
1208194,12/27/24,3,1,1,0,1
1208195,12/27/24,10,7,0,0,0
1208196,12/26/24,8,11,1,2,-1
1208197,12/26/24,18,9,3,1,1
1208198,12/26/24,14,4,1,1,0
1208199,12/26/24,2,16,3,0,1
1208200,12/26/24,5,13,1,0,1
1208201,12/26/24,12,6,0,1,-1
1208202,12/26/24,31,30,2,0,1
1208203,12/30/24,16,10,2,2,0
1208204,1/1/25,7,3,1,3,-1
1208205,12/29/24,15,12,2,1,1
1208206,12/29/24,4,5,0,2,-1
1208207,12/29/24,11,17,2,2,0
1208208,12/30/24,1,8,2,0,1
1208209,12/29/24,9,14,0,2,-1
1208210,12/30/24,30,2,0,2,-1
1208211,12/29/24,13,31,2,2,0
1208212,12/29/24,6,18,0,5,-1
1208213,1/4/25,17,4,1,0,1
1208214,1/4/25,16,9,2,1,1
1208215,1/4/25,10,3,1,1,0
1208216,1/4/25,15,8,1,1,0
1208217,1/5/25,11,1,2,2,0
1208218,1/5/25,18,30,2,2,0
1208219,1/4/25,14,6,4,1,1
1208220,1/4/25,12,7,0,5,-1
1208221,1/4/25,13,2,1,2,-1
1208222,1/6/25,31,5,0,3,-1
1208223,1/15/25,3,13,2,1,1
1208224,1/14/25,7,14,2,2,0
1208225,1/15/25,4,16,0,1,-1
1208226,1/16/25,1,10,0,2,-1
1208227,1/15/25,9,15,0,2,-1
1208228,1/14/25,5,18,1,1,0
1208229,1/14/25,6,11,3,2,1
1208230,1/14/25,8,17,2,2,0
1208231,1/15/25,2,31,3,0,1
1208232,1/16/25,30,12,3,1,1
1208233,1/18/25,3,16,2,2,0
1208234,1/18/25,7,18,0,2,-1
1208235,1/20/25,8,31,3,1,1
1208236,1/19/25,4,13,3,2,1
1208237,1/19/25,1,14,0,6,-1
1208238,1/18/25,9,11,0,2,-1
1208239,1/19/25,30,10,1,3,-1
1208240,1/18/25,2,17,1,4,-1
1208241,1/19/25,5,12,3,2,1
1208242,1/18/25,6,15,0,2,-1
1208243,1/25/25,17,5,5,0,1
1208244,1/26/25,16,6,1,1,0
1208245,1/25/25,10,4,0,1,-1
1208246,1/26/25,15,7,1,2,-1
1208247,1/26/25,11,30,0,1,-1
1208248,1/25/25,18,1,4,1,1
1208249,1/25/25,14,8,3,1,1
1208250,1/25/25,12,2,1,3,-1
1208251,1/26/25,13,9,1,2,-1
1208252,1/25/25,31,3,0,1,-1
1208253,2/1/25,17,18,0,2,-1
1208254,2/2/25,3,14,5,1,1
1208255,2/2/25,7,13,0,2,-1
1208256,2/3/25,8,6,2,1,1
1208257,2/1/25,4,9,4,0,1
1208258,2/1/25,1,12,1,2,-1
1208259,2/2/25,30,15,0,2,-1
1208260,2/1/25,2,11,1,2,-1
1208261,2/1/25,5,10,7,0,1
1208262,2/1/25,31,16,2,0,1
1208263,2/15/25,16,1,1,1,0
1208264,2/14/25,10,8,3,0,1
1208265,2/15/25,15,4,1,2,-1
1208266,2/15/25,11,5,2,1,1
1208267,2/15/25,9,3,0,2,-1
1208268,2/16/25,18,31,2,1,1
1208269,2/15/25,14,2,4,0,1
1208270,2/15/25,12,17,1,3,-1
1208271,2/16/25,13,30,1,0,1
1208272,2/15/25,6,7,0,1,-1
1208273,2/22/25,16,8,2,1,1
1208274,2/22/25,11,15,0,2,-1
1208275,2/22/25,1,13,1,4,-1
1208276,2/22/25,2,5,4,3,1
1208277,2/22/25,17,31,0,1,-1
1208278,2/22/25,9,7,0,4,-1
1208279,2/22/25,3,6,0,1,-1
1208280,2/22/25,14,18,0,2,-1
1208281,2/22/25,4,30,2,2,0
1208282,2/22/25,12,10,0,4,-1
1208283,2/25/25,6,9,2,0,1
1208284,2/25/25,7,4,1,1,0
1208285,2/25/25,13,14,0,1,-1
1208286,2/25/25,31,11,1,2,-1
1208287,2/25/25,5,3,0,0,0
1208288,2/25/25,10,17,2,1,1
1208289,2/25/25,15,16,4,1,1
1208290,2/26/25,8,12,4,0,1
1208291,2/26/25,18,2,2,0,1
1208292,2/26/25,30,1,3,2,1
1208293,3/8/25,18,12,3,1,1
1208294,3/8/25,8,9,1,0,1
1208295,3/8/25,31,4,1,1,0
1208296,3/8/25,6,2,0,1,-1
1208297,3/8/25,13,17,2,2,0
1208298,3/8/25,30,3,1,1,0
1208299,3/8/25,15,1,1,0,1
1208300,3/8/25,5,14,1,0,1
1208301,3/8/25,10,11,2,1,1
1208302,3/8/25,7,16,0,1,-1
1208303,3/15/25,3,8,1,0,1
1208305,3/15/25,11,13,2,0,1
1208307,3/15/25,9,30,0,3,-1
1208308,3/15/25,14,10,2,2,0
1208309,3/15/25,1,5,2,4,-1
1208310,3/15/25,4,6,1,1,0
1208311,3/15/25,12,31,1,2,-1
1208312,3/15/25,17,7,1,2,-1
1208313,4/2/25,10,16,0,3,-1
1208314,4/2/25,17,1,1,2,-1
1208315,4/1/25,31,6,1,0,1
1208316,4/1/25,3,11,2,1,1
1208317,4/1/25,5,30,1,0,1
1208318,4/2/25,12,15,1,1,0
1208319,4/3/25,8,13,1,0,1
1208320,4/2/25,14,9,2,0,1
1208321,4/2/25,2,7,2,1,1
1208322,4/2/25,18,4,1,0,1
1208323,4/5/25,6,17,2,2,0
1208324,4/6/25,30,14,0,0,0
1208325,4/6/25,7,8,0,0,0
1208326,4/5/25,16,5,2,1,1
1208327,4/5/25,4,3,1,1,0
1208328,4/6/25,11,18,3,2,1
1208329,4/5/25,1,31,1,2,-1
1208330,4/7/25,9,2,0,3,-1
1208331,4/5/25,15,10,2,1,1
1208332,4/6/25,13,12,3,1,1
1208333,4/14/25,17,11,1,0,1
1208334,4/13/25,2,30,4,1,1
1208335,4/12/25,3,7,1,1,0
1208336,4/13/25,18,6,2,1,1
1208337,4/13/25,31,13,4,2,1
1208338,4/12/25,10,9,2,2,0
1208339,4/12/25,14,15,5,2,1
1208340,4/12/25,5,4,0,1,-1
1208341,4/13/25,8,1,2,2,0
1208342,4/12/25,12,16,0,3,-1
1208306,4/16/25,2,15,5,0,1
1208348,4/19/25,6,12,1,1,0
1208349,4/19/25,15,17,0,0,0
1208350,4/19/25,4,14,0,2,-1
1208345,4/20/25,7,10,4,2,1
1208346,4/20/25,16,2,4,1,1
1208343,4/20/25,9,18,0,1,-1
1208344,4/20/25,1,3,0,4,-1
1208351,4/20/25,11,8,1,2,-1
1208352,4/20/25,30,31,0,1,-1
