"match_id","date","home_team_id","away_team_id","home_goals","away_goals","result"
157015,"2019-08-09",18,23,4,1,1
157016,"2019-08-10",6,14,0,5,-1
157017,"2019-08-10",17,21,1,1,0
157018,"2019-08-10",19,12,3,0,1
157019,"2019-08-10",15,4,0,0,0
157020,"2019-08-11",9,31,0,0,0
157021,"2019-08-10",29,10,0,3,-1
157022,"2019-08-10",13,16,3,1,1
157023,"2019-08-11",2,3,0,1,-1
157024,"2019-08-11",30,8,4,0,1
157025,"2019-08-17",3,19,2,1,1
157026,"2019-08-17",16,17,1,2,-1
157027,"2019-08-17",10,6,1,1,0
157028,"2019-08-18",8,9,1,1,0
157029,"2019-08-17",4,29,1,0,1
157030,"2019-08-17",14,13,2,2,0
157031,"2019-08-17",23,2,3,1,1
157032,"2019-08-18",21,15,1,0,1
157033,"2019-08-17",12,18,1,2,-1
157034,"2019-08-19",31,30,1,1,0
157035,"2019-08-25",17,14,1,3,-1
157036,"2019-08-23",16,4,2,0,1
157037,"2019-08-24",10,12,0,2,-1
157038,"2019-08-24",18,3,3,1,1
157039,"2019-08-24",30,15,1,2,-1
157040,"2019-08-24",23,8,2,3,-1
157041,"2019-08-24",21,9,1,2,-1
157042,"2019-08-25",13,2,0,1,-1
157043,"2019-08-24",29,6,1,3,-1
157044,"2019-08-25",31,19,1,1,0
157045,"2019-09-01",3,13,2,2,0
157046,"2019-08-31",19,18,0,3,-1
157047,"2019-08-31",8,21,2,2,0
157048,"2019-08-31",15,16,1,0,1
157049,"2019-09-01",4,31,3,2,1
157050,"2019-08-31",9,17,3,1,1
157051,"2019-08-31",14,10,4,0,1
157052,"2019-08-31",2,29,1,1,0
157053,"2019-08-31",12,30,1,1,0
157054,"2019-08-31",6,23,2,0,1
157055,"2019-09-15",17,4,3,1,1
157056,"2019-09-16",16,6,0,0,0
157057,"2019-09-14",10,19,1,1,0
157058,"2019-09-14",18,2,3,1,1
157059,"2019-09-14",30,9,1,0,1
157060,"2019-09-14",23,14,3,2,1
157061,"2019-09-14",21,12,0,1,-1
157062,"2019-09-14",13,15,4,0,1
157063,"2019-09-15",29,3,2,2,0
157064,"2019-09-14",31,8,2,5,-1
157065,"2019-09-22",3,16,3,2,1
157066,"2019-09-21",19,23,2,0,1
157067,"2019-09-22",8,18,1,2,-1
157068,"2019-09-22",15,31,1,1,0
157069,"2019-09-21",4,21,0,2,-1
157070,"2019-09-21",9,13,2,1,1
157071,"2019-09-21",14,29,8,0,1
157072,"2019-09-21",2,10,0,0,0
157073,"2019-09-20",12,17,1,3,-1
157074,"2019-09-22",6,30,2,0,1
157075,"2019-09-28",17,6,2,2,0
157076,"2019-09-28",16,19,2,2,0
157077,"2019-09-28",8,10,2,0,1
157078,"2019-09-28",15,23,2,0,1
157079,"2019-09-28",4,14,1,3,-1
157080,"2019-09-29",9,2,5,0,1
157081,"2019-09-30",30,3,1,1,0
157082,"2019-09-28",21,18,0,1,-1
157083,"2019-09-28",13,12,2,1,1
157084,"2019-09-28",31,29,2,0,1
157085,"2019-10-06",3,17,1,0,1
157086,"2019-10-05",10,13,3,0,1
157087,"2019-10-05",19,4,1,0,1
157088,"2019-10-05",18,9,2,1,1
157089,"2019-10-06",14,31,0,2,-1
157090,"2019-10-06",2,30,1,0,1
157091,"2019-10-05",23,16,1,5,-1
157092,"2019-10-06",12,8,1,4,-1
157093,"2019-10-05",29,21,0,0,0
157094,"2019-10-05",6,15,1,2,-1
157095,"2019-10-19",17,23,0,0,0
157096,"2019-10-19",16,10,2,1,1
157097,"2019-10-19",8,2,1,0,1
157098,"2019-10-19",15,14,0,2,-1
157099,"2019-10-19",4,6,2,0,1
157100,"2019-10-19",9,19,2,1,1
157101,"2019-10-20",30,18,1,1,0
157102,"2019-10-21",21,3,1,0,1
157103,"2019-10-19",13,29,1,1,0
157104,"2019-10-19",31,12,1,1,0
157105,"2019-10-27",3,15,2,2,0
157106,"2019-10-26",10,4,3,2,1
157107,"2019-10-26",19,8,2,4,-1
157108,"2019-10-27",18,13,2,1,1
157109,"2019-10-26",14,16,3,0,1
157110,"2019-10-27",2,31,1,1,0
157111,"2019-10-27",23,30,1,3,-1
157112,"2019-10-25",12,9,0,9,-1
157113,"2019-10-26",29,17,0,0,0
157114,"2019-10-26",6,21,1,1,0
157115,"2019-11-02",17,30,1,0,1
157116,"2019-11-02",3,31,1,1,0
157117,"2019-11-02",16,18,1,2,-1
157118,"2019-11-02",10,23,2,0,1
157119,"2019-11-03",15,9,0,2,-1
157120,"2019-11-03",4,13,1,1,0
157121,"2019-11-02",14,12,2,1,1
157122,"2019-11-02",21,19,3,0,1
157123,"2019-11-02",29,8,1,2,-1
157124,"2019-11-02",6,2,2,3,-1
157125,"2019-11-09",19,6,3,0,1
157126,"2019-11-09",8,15,2,0,1
157127,"2019-11-09",9,3,2,0,1
157128,"2019-11-10",18,14,3,1,1
157129,"2019-11-10",30,10,3,1,1
157130,"2019-11-09",2,17,2,1,1
157131,"2019-11-08",23,29,0,2,-1
157132,"2019-11-09",12,4,1,2,-1
157133,"2019-11-09",13,21,1,1,0
157134,"2019-11-10",31,16,2,1,1
157135,"2019-11-23",17,31,1,2,-1
157136,"2019-11-23",3,12,2,2,0
157137,"2019-11-25",16,2,2,0,1
157138,"2019-11-23",10,9,0,2,-1
157139,"2019-11-23",15,18,1,2,-1
157140,"2019-11-23",4,23,0,2,-1
157141,"2019-11-23",14,8,2,1,1
157142,"2019-11-24",21,30,3,3,0
157143,"2019-11-23",29,19,0,3,-1
157144,"2019-11-23",6,13,2,3,-1
157145,"2019-11-30",19,15,0,2,-1
157146,"2019-11-30",8,6,0,1,-1
157147,"2019-12-01",9,4,2,1,1
157148,"2019-11-30",18,10,2,1,1
157149,"2019-12-01",30,16,2,2,0
157150,"2019-11-30",2,14,2,2,0
157151,"2019-12-01",23,3,2,2,0
157152,"2019-11-30",12,29,2,1,1
157153,"2019-11-30",13,17,3,2,1
157154,"2019-12-01",31,21,1,1,0
157155,"2019-12-05",3,10,1,2,-1
157156,"2019-12-03",19,14,1,4,-1
157157,"2019-12-04",9,29,2,0,1
157158,"2019-12-05",21,2,0,2,-1
157159,"2019-12-04",31,6,2,0,1
157160,"2019-12-04",30,13,2,1,1
157161,"2019-12-04",8,16,2,1,1
157162,"2019-12-04",12,23,2,1,1
157163,"2019-12-03",15,17,1,0,1
157164,"2019-12-04",18,4,5,2,1
157165,"2019-12-07",17,18,0,3,-1
157166,"2019-12-08",16,9,1,4,-1
157167,"2019-12-08",10,31,2,2,0
157168,"2019-12-07",4,8,3,1,1
157169,"2019-12-07",14,30,1,2,-1
157170,"2019-12-08",2,12,2,1,1
157171,"2019-12-08",23,21,1,2,-1
157172,"2019-12-07",13,19,5,0,1
157173,"2019-12-07",29,15,0,0,0
157174,"2019-12-09",6,3,1,3,-1
157175,"2019-12-15",3,14,0,3,-1
157176,"2019-12-14",19,2,1,0,1
157177,"2019-12-14",8,17,0,1,-1
157178,"2019-12-16",15,10,1,1,0
157179,"2019-12-14",9,23,1,1,0
157180,"2019-12-14",18,29,2,0,1
157181,"2019-12-15",30,4,1,1,0
157182,"2019-12-14",21,16,2,0,1
157183,"2019-12-14",12,6,0,1,-1
157184,"2019-12-15",31,13,1,2,-1
157185,"2019-12-21",17,19,0,1,-1
157186,"2019-12-21",16,12,1,3,-1
157187,"2019-12-21",10,21,0,1,-1
157188,"2019-12-21",4,3,0,0,0
157189,"2019-12-21",14,9,3,1,1
157190,"2019-12-21",2,15,1,0,1
157191,"2019-12-21",23,31,1,2,-1
157192,"2019-12-22",13,8,0,2,-1
157193,"2019-12-22",29,30,2,0,1
157194,"2020-01-29",6,18,0,2,-1
157195,"2019-12-26",17,3,1,1,0
157196,"2019-12-26",16,23,1,0,1
157197,"2019-12-26",8,12,0,2,-1
157198,"2019-12-26",15,6,2,1,1
157199,"2019-12-26",4,19,1,0,1
157200,"2019-12-26",9,18,0,4,-1
157201,"2019-12-26",30,2,4,1,1
157202,"2019-12-26",21,29,1,1,0
157203,"2019-12-26",13,10,2,1,1
157204,"2019-12-27",31,14,3,2,1
157205,"2019-12-29",3,8,1,2,-1
157206,"2019-12-28",10,17,2,0,1
157207,"2019-12-28",19,30,0,2,-1
157208,"2019-12-29",18,31,1,0,1
157209,"2019-12-29",14,21,2,0,1
157210,"2019-12-28",2,4,1,2,-1
157211,"2019-12-28",23,13,2,2,0
157212,"2019-12-28",12,15,1,1,0
157213,"2019-12-28",29,16,3,0,1
157214,"2019-12-28",6,9,1,2,-1
157215,"2020-01-01",3,30,2,0,1
157216,"2020-01-01",10,8,1,1,0
157217,"2020-01-01",19,16,1,2,-1
157218,"2020-01-02",18,21,2,0,1
157219,"2020-01-01",14,4,2,1,1
157220,"2020-01-01",2,9,0,3,-1
157221,"2020-01-01",23,15,1,1,0
157222,"2020-01-01",12,13,1,0,1
157223,"2020-01-01",29,31,2,1,1
157224,"2020-01-01",6,17,4,0,1
157225,"2020-01-12",17,29,0,3,-1
157226,"2020-01-12",16,14,1,6,-1
157227,"2020-01-11",8,19,3,0,1
157228,"2020-01-11",15,3,1,1,0
157229,"2020-01-11",4,10,1,0,1
157230,"2020-01-11",9,12,1,2,-1
157231,"2020-01-11",30,23,4,0,1
157232,"2020-01-10",21,6,1,0,1
157233,"2020-01-11",13,18,0,1,-1
157234,"2020-01-11",31,2,1,1,0
157235,"2020-01-18",3,21,1,1,0
157236,"2020-01-18",10,16,1,1,0
157237,"2020-01-19",19,9,2,1,1
157238,"2020-01-19",18,30,2,0,1
157239,"2020-01-18",14,15,2,2,0
157240,"2020-01-18",2,8,1,0,1
157241,"2020-01-18",23,17,1,0,1
157242,"2020-01-18",12,31,2,3,-1
157243,"2020-01-18",29,13,0,0,0
157244,"2020-01-18",6,4,1,1,0
157245,"2020-01-21",17,10,3,1,1
157246,"2020-01-21",16,29,2,1,1
157247,"2020-01-21",4,2,2,2,0
157248,"2020-01-22",9,6,4,1,1
157249,"2020-01-21",21,14,0,1,-1
157250,"2020-01-23",31,18,1,2,-1
157251,"2020-01-22",30,19,0,2,-1
157252,"2020-01-21",8,3,2,2,0
157253,"2020-01-22",13,23,2,1,1
157254,"2020-01-21",15,12,0,2,-1
157255,"2020-02-01",17,16,2,1,1
157256,"2020-02-02",19,3,0,0,0
157257,"2020-02-01",15,21,0,1,-1
157258,"2020-02-01",9,8,2,2,0
157259,"2020-02-01",18,12,4,0,1
157260,"2020-02-01",30,31,0,0,0
157261,"2020-02-01",2,23,0,0,0
157262,"2020-02-02",13,14,2,0,1
157263,"2020-02-01",29,4,2,3,-1
157264,"2020-02-01",6,10,3,3,0
157265,"2020-02-16",3,2,4,0,1
157266,"2020-02-16",16,13,2,3,-1
157267,"2020-02-08",10,29,1,1,0
157268,"2020-02-17",8,30,0,2,-1
157269,"2020-02-08",4,15,3,1,1
157270,"2020-02-19",14,6,2,0,1
157271,"2020-02-15",23,18,0,1,-1
157272,"2020-02-09",21,17,2,1,1
157273,"2020-02-15",12,19,1,2,-1
157274,"2020-02-14",31,9,0,0,0
157275,"2020-02-23",3,4,3,2,1
157276,"2020-02-22",19,17,3,0,1
157277,"2020-02-22",8,13,2,1,1
157278,"2020-02-22",15,2,1,0,1
157279,"2020-02-22",9,14,0,1,-1
157280,"2020-02-24",18,6,3,2,1
157281,"2020-02-23",30,29,3,0,1
157282,"2020-02-22",21,10,1,1,0
157283,"2020-02-22",12,16,2,0,1
157284,"2020-02-23",31,23,3,0,1
157285,"2020-02-29",17,8,2,2,0
157286,"2020-06-17",16,21,0,0,0
157287,"2020-02-29",10,15,0,1,-1
157288,"2020-03-01",4,30,1,1,0
157289,"2020-06-17",14,3,3,0,1
157290,"2020-02-29",2,19,0,0,0
157291,"2020-02-28",23,9,1,0,1
157292,"2020-03-01",13,31,2,3,-1
157293,"2020-02-29",29,18,3,0,1
157294,"2020-02-29",6,12,3,1,1
157295,"2020-03-07",3,6,1,0,1
157296,"2020-03-07",19,13,1,1,0
157297,"2020-03-08",8,4,4,0,1
157298,"2020-03-07",15,29,1,0,1
157299,"2020-03-09",9,16,4,0,1
157300,"2020-03-07",18,17,2,1,1
157301,"2020-03-08",30,14,2,0,1
157302,"2020-03-07",21,23,1,0,1
157303,"2020-03-07",12,2,0,1,-1
157304,"2020-03-07",31,10,0,0,0
157305,"2020-06-20",17,15,0,2,-1
157306,"2020-06-21",16,8,1,2,-1
157307,"2020-06-20",10,3,2,1,1
157308,"2020-06-21",4,18,0,0,0
157309,"2020-06-22",14,19,5,0,1
157310,"2020-06-21",2,21,3,0,1
157311,"2020-06-19",23,12,0,3,-1
157312,"2020-06-19",13,30,1,1,0
157313,"2020-06-20",29,9,1,1,0
157314,"2020-06-20",6,31,0,2,-1
157315,"2020-06-25",19,29,1,0,1
157316,"2020-06-25",8,14,2,1,1
157317,"2020-06-23",9,10,0,0,0
157318,"2020-06-24",18,15,4,0,1
157319,"2020-06-24",30,21,3,0,1
157320,"2020-06-24",2,16,1,1,0
157321,"2020-06-24",23,4,0,1,-1
157322,"2020-06-25",12,3,0,2,-1
157323,"2020-06-23",13,6,2,0,1
157324,"2020-06-24",31,17,1,0,1
157325,"2020-07-01",17,2,1,4,-1
157326,"2020-07-01",3,23,4,0,1
157327,"2020-06-27",16,31,0,1,-1
157328,"2020-06-30",10,30,0,3,-1
157329,"2020-06-29",15,19,0,1,-1
157330,"2020-07-01",4,9,2,1,1
157331,"2020-07-02",14,18,4,0,1
157332,"2020-07-02",21,13,3,1,1
157333,"2020-06-28",29,12,1,3,-1
157334,"2020-07-01",6,8,3,2,1
157335,"2020-07-05",19,21,1,1,0
157336,"2020-07-04",8,29,3,0,1
157337,"2020-07-04",9,15,3,0,1
157338,"2020-07-05",18,16,2,0,1
157339,"2020-07-04",30,17,5,2,1
157340,"2020-07-05",2,6,2,2,0
157341,"2020-07-04",23,10,0,1,-1
157342,"2020-07-05",12,14,1,0,1
157343,"2020-07-06",13,4,1,0,1
157344,"2020-07-04",31,3,0,2,-1
157345,"2020-07-09",17,13,0,0,0
157346,"2020-07-07",3,9,1,1,0
157347,"2020-07-09",16,30,0,3,-1
157348,"2020-07-08",10,18,1,3,-1
157349,"2020-07-07",15,8,2,3,-1
157350,"2020-07-09",4,12,1,1,0
157351,"2020-07-08",14,2,5,0,1
157352,"2020-07-08",21,31,1,0,1
157353,"2020-07-07",29,23,2,1,1
157354,"2020-07-08",6,19,0,1,-1
157355,"2020-07-12",17,9,4,1,1
157356,"2020-07-12",16,15,2,0,1
157357,"2020-07-11",10,14,0,5,-1
157358,"2020-07-11",18,19,1,1,0
157359,"2020-07-13",30,12,2,2,0
157360,"2020-07-11",23,6,0,4,-1
157361,"2020-07-11",21,8,3,0,1
157362,"2020-07-12",13,3,2,1,1
157363,"2020-07-11",29,2,2,1,1
157364,"2020-07-12",31,4,3,0,1
157365,"2020-07-15",3,18,2,1,1
157366,"2020-07-15",19,31,1,1,0
157367,"2020-07-14",8,23,1,0,1
157368,"2020-07-16",15,30,0,2,-1
157369,"2020-07-16",4,16,1,1,0
157370,"2020-07-16",9,21,2,0,1
157371,"2020-07-15",14,17,2,1,1
157372,"2020-07-15",2,13,1,3,-1
157373,"2020-07-16",12,10,1,1,0
157374,"2020-07-17",6,29,3,1,1
157375,"2020-07-19",17,12,0,2,-1
157376,"2020-07-21",16,3,1,0,1
157377,"2020-07-20",10,2,0,0,0
157378,"2020-07-22",18,8,5,3,1
157379,"2020-07-22",30,6,1,1,0
157380,"2020-07-18",23,19,0,2,-1
157381,"2020-07-20",21,4,0,1,-1
157382,"2020-07-19",13,9,3,0,1
157383,"2020-07-21",29,14,0,4,-1
157384,"2020-07-20",31,15,2,0,1
157385,"2020-07-26",3,29,3,2,1
157386,"2020-07-26",19,10,1,2,-1
157387,"2020-07-26",8,31,2,0,1
157388,"2020-07-26",15,13,1,1,0
157389,"2020-07-26",4,17,1,3,-1
157390,"2020-07-26",9,30,0,2,-1
157391,"2020-07-26",14,23,5,0,1
157392,"2020-07-26",2,18,1,3,-1
157393,"2020-07-26",12,21,3,1,1
157394,"2020-07-26",6,16,1,1,0
710556,"2021-08-13",7,3,2,0,1
710557,"2021-08-14",19,10,1,2,-1
710558,"2021-08-14",8,15,3,0,1
710559,"2021-08-14",4,12,3,1,1
710560,"2021-08-14",9,31,1,0,1
710561,"2021-08-14",30,22,5,1,1
710562,"2021-08-15",2,6,2,4,-1
710563,"2021-08-14",23,18,0,3,-1
710564,"2021-08-15",13,14,1,0,1
710565,"2021-08-14",29,16,3,2,1
710566,"2021-08-22",3,8,0,2,-1
710567,"2021-08-21",16,2,2,0,1
710568,"2021-08-21",10,29,2,0,1
710569,"2021-08-21",15,7,0,0,0
710570,"2021-08-21",22,4,2,2,0
710571,"2021-08-21",18,19,2,0,1
710572,"2021-08-21",14,23,5,0,1
710573,"2021-08-22",12,30,1,1,0
710574,"2021-08-23",6,9,4,1,1
710575,"2021-08-22",31,13,0,1,-1
710576,"2021-08-28",16,7,1,1,0
710577,"2021-08-28",10,4,0,2,-1
710578,"2021-08-29",19,22,1,1,0
710579,"2021-08-28",18,8,1,1,0
710580,"2021-08-28",14,3,5,0,1
710581,"2021-08-28",2,12,2,2,0
710582,"2021-08-28",23,9,1,2,-1
710583,"2021-08-29",13,29,1,0,1
710584,"2021-08-28",6,15,2,2,0
710585,"2021-08-29",31,30,0,1,-1
710586,"2021-09-11",3,23,1,0,1
710587,"2021-09-11",7,10,0,1,-1
710588,"2021-09-11",8,16,3,0,1
710589,"2021-09-11",15,13,3,0,1
710590,"2021-09-13",4,19,3,1,1
710591,"2021-09-12",22,18,0,3,-1
710592,"2021-09-11",9,14,0,1,-1
710593,"2021-09-11",30,2,4,1,1
710594,"2021-09-11",12,6,0,0,0
710595,"2021-09-11",29,31,0,2,-1
710596,"2021-09-18",16,4,3,0,1
710597,"2021-09-19",10,9,2,1,1
710598,"2021-09-18",19,3,0,1,-1
710599,"2021-09-18",18,15,3,0,1
710600,"2021-09-18",14,12,0,0,0
710601,"2021-09-17",2,22,1,1,0
710602,"2021-09-18",23,29,1,3,-1
710603,"2021-09-19",13,8,0,3,-1
710604,"2021-09-19",6,30,1,2,-1
710605,"2021-09-18",31,7,0,2,-1
710606,"2021-09-26",3,13,3,1,1
710607,"2021-09-25",7,18,3,3,0
710608,"2021-09-25",8,14,0,1,-1
710609,"2021-09-27",15,10,1,1,0
710610,"2021-09-25",4,23,2,0,1
710611,"2021-09-25",22,6,1,2,-1
710612,"2021-09-25",9,19,2,2,0
710613,"2021-09-25",30,16,0,1,-1
710614,"2021-09-26",12,31,0,1,-1
710615,"2021-09-25",29,2,1,1,0
710616,"2021-10-02",10,3,0,0,0
710617,"2021-10-02",19,23,0,0,0
710618,"2021-10-02",8,12,3,1,1
710619,"2021-10-03",15,9,2,2,0
710620,"2021-10-02",22,29,1,0,1
710621,"2021-10-03",18,14,2,2,0
710622,"2021-10-02",30,4,1,1,0
710623,"2021-10-03",13,16,2,1,1
710624,"2021-10-03",6,7,1,2,-1
710625,"2021-10-02",31,2,2,1,1
710626,"2021-10-18",3,15,2,2,0
710627,"2021-10-16",16,31,2,3,-1
710628,"2021-10-16",7,8,0,1,-1
710629,"2021-10-17",4,6,0,1,-1
710630,"2021-10-16",9,30,4,2,1
710631,"2021-10-16",14,19,2,0,1
710632,"2021-10-17",2,13,2,3,-1
710633,"2021-10-16",23,10,0,0,0
710634,"2021-10-16",12,22,1,0,1
710635,"2021-10-16",29,18,0,5,-1
710636,"2021-10-22",3,16,3,1,1
710637,"2021-10-24",7,9,1,2,-1
710638,"2021-10-23",10,14,1,4,-1
710639,"2021-10-23",8,23,7,0,1
710640,"2021-10-23",15,2,1,1,0
710641,"2021-10-23",4,29,2,5,-1
710642,"2021-10-23",22,31,1,1,0
710643,"2021-10-24",30,18,0,5,-1
710644,"2021-10-23",12,19,2,2,0
710645,"2021-10-24",6,13,1,0,1
710646,"2021-10-31",16,6,1,4,-1
710647,"2021-10-30",19,7,3,1,1
710648,"2021-10-30",9,3,0,2,-1
710649,"2021-10-30",18,10,2,2,0
710650,"2021-10-30",14,15,0,2,-1
710651,"2021-10-30",2,8,0,3,-1
710652,"2021-10-31",23,22,1,2,-1
710653,"2021-10-30",13,30,0,3,-1
710654,"2021-10-30",29,12,0,1,-1
710655,"2021-11-01",31,4,2,1,1
710656,"2021-11-07",3,29,1,0,1
710657,"2021-11-06",7,23,1,2,-1
710658,"2021-11-06",10,2,1,1,0
710659,"2021-11-06",8,19,1,1,0
710660,"2021-11-06",15,31,2,0,1
710661,"2021-11-07",4,13,0,0,0
710662,"2021-11-07",22,9,1,1,0
710663,"2021-11-06",30,14,0,2,-1
710664,"2021-11-05",12,16,1,0,1
710665,"2021-11-07",6,18,3,2,1
710666,"2021-11-20",16,10,2,0,1
710667,"2021-11-20",19,15,3,3,0
710668,"2021-11-20",9,8,0,3,-1
710669,"2021-11-20",18,3,4,0,1
710670,"2021-11-21",14,4,3,0,1
710671,"2021-11-20",2,7,3,3,0
710672,"2021-11-20",23,12,2,1,1
710673,"2021-11-21",13,22,2,1,1
710674,"2021-11-20",29,30,4,1,1
710675,"2021-11-20",31,6,1,0,1
710676,"2021-11-27",3,2,2,0,1
710677,"2021-11-28",7,4,1,0,1
710678,"2021-11-27",10,22,0,0,0
710679,"2022-02-23",19,13,1,0,1
710680,"2021-11-28",8,30,1,1,0
710681,"2021-11-27",15,16,1,2,-1
710682,"2021-11-28",9,29,4,2,1
710683,"2021-11-27",18,12,4,0,1
710684,"2021-11-28",14,6,2,1,1
710685,"2021-11-27",23,31,0,0,0
710686,"2021-12-01",16,14,1,2,-1
710687,"2021-12-01",4,18,1,4,-1
710688,"2021-11-30",22,15,1,0,1
710689,"2021-12-01",29,8,1,2,-1
710690,"2021-12-01",6,10,1,1,0
710691,"2021-12-01",31,19,0,0,0
710692,"2021-12-02",30,3,3,2,1
710693,"2021-11-30",2,23,1,1,0
710694,"2021-12-01",12,9,2,2,0
710695,"2021-12-02",13,7,2,0,1
710696,"2021-12-05",16,9,2,1,1
710697,"2021-12-06",4,3,2,1,1
710698,"2021-12-05",22,7,2,2,0
710699,"2021-12-05",30,15,1,0,1
710700,"2021-12-04",2,19,1,0,1
710701,"2021-12-04",12,10,1,1,0
710702,"2021-12-05",13,23,3,0,1
710703,"2021-12-04",29,14,1,3,-1
710704,"2021-12-04",6,8,3,2,1
710705,"2021-12-04",31,18,0,1,-1
710706,"2021-12-11",3,12,3,0,1
710707,"2021-12-10",7,29,2,1,1
710708,"2022-03-16",10,13,0,2,-1
710709,"2021-12-12",19,6,0,0,0
710710,"2021-12-11",8,22,3,2,1
710711,"2021-12-12",15,4,3,1,1
710712,"2021-12-12",9,2,4,0,1
710713,"2021-12-11",18,16,1,0,1
710714,"2021-12-11",14,31,1,0,1
710715,"2021-12-11",23,30,0,1,-1
710716,"2021-12-15",3,6,2,0,1
710717,"2022-01-19",7,30,1,3,-1
710718,"2021-12-15",10,31,0,1,-1
710719,"2022-02-05",19,29,0,0,0
710720,"2022-01-19",9,13,2,3,-1
710721,"2021-12-14",23,16,0,2,-1
710722,"2021-12-15",15,12,2,2,0
710723,"2021-12-16",8,4,1,1,0
710724,"2021-12-16",18,2,3,1,1
710725,"2021-12-14",14,22,7,0,1
710726,"2022-05-19",16,19,1,1,0
710727,"2022-04-20",4,9,1,1,0
710728,"2021-12-18",22,3,1,4,-1
710729,"2022-02-15",30,10,2,0,1
710730,"2021-12-19",2,14,0,4,-1
710731,"2022-01-11",12,7,4,1,1
710732,"2021-12-19",13,18,2,2,0
710733,"2022-02-23",29,15,1,4,-1
710734,"2022-01-12",6,23,2,0,1
710735,"2021-12-19",31,8,0,0,0
710736,"2021-12-26",16,8,1,3,-1
710737,"2021-12-26",10,7,2,0,1
710738,"2022-04-06",19,4,3,2,1
710739,"2022-02-23",18,22,6,0,1
710740,"2021-12-26",14,9,6,3,1
710741,"2021-12-27",2,30,1,1,0
710742,"2021-12-26",23,3,0,5,-1
710743,"2021-12-26",13,15,3,0,1
710744,"2021-12-26",6,12,2,3,-1
710745,"2022-03-10",31,29,4,0,1
710746,"2022-02-24",3,31,2,1,1
710747,"2021-12-29",7,14,0,1,-1
710748,"2021-12-29",8,10,1,1,0
710749,"2021-12-28",15,23,3,0,1
710750,"2022-03-17",4,2,1,0,1
710751,"2022-03-10",22,16,0,3,-1
710752,"2021-12-28",9,18,1,0,1
710753,"2021-12-30",30,19,3,1,1
710754,"2021-12-28",12,13,1,1,0
710755,"2021-12-28",29,6,1,4,-1
710756,"2022-01-01",3,14,1,2,-1
710757,"2022-01-02",7,16,2,1,1
710758,"2022-01-02",8,18,2,2,0
710759,"2022-01-01",15,6,2,3,-1
710760,"2022-01-02",4,10,2,3,-1
710761,"2022-01-02",22,19,3,1,1
710762,"2022-05-11",9,23,3,0,1
710763,"2022-01-03",30,31,0,1,-1
710764,"2022-03-10",12,2,1,2,-1
710765,"2022-01-01",29,13,0,1,-1
710766,"2022-01-15",16,30,2,2,0
710767,"2022-01-14",10,15,1,1,0
710768,"2022-03-01",19,9,0,2,-1
710769,"2022-01-16",18,7,3,0,1
710770,"2022-01-15",14,8,1,0,1
710771,"2022-01-15",2,29,1,1,0
710772,"2022-01-15",23,4,2,1,1
710773,"2022-05-12",13,3,3,0,1
710774,"2022-01-16",6,22,2,3,-1
710775,"2022-01-15",31,12,3,1,1
710776,"2022-01-23",3,19,0,0,0
710777,"2022-01-22",7,31,1,2,-1
710778,"2022-01-23",8,13,2,0,1
710779,"2022-01-23",15,18,1,3,-1
710780,"2022-01-22",4,16,0,1,-1
710781,"2022-01-22",22,2,0,1,-1
710782,"2022-01-23",9,10,1,1,0
710783,"2022-01-22",30,6,1,0,1
710784,"2022-01-22",12,14,1,1,0
710785,"2022-01-21",29,23,0,3,-1
710786,"2022-02-09",16,22,3,3,0
710787,"2022-01-18",10,8,1,1,0
710788,"2022-02-08",19,30,1,1,0
710789,"2022-02-09",23,15,1,1,0
710790,"2022-02-08",6,29,1,0,1
710791,"2022-02-10",31,3,0,1,-1
710792,"2022-02-08",2,4,3,1,1
710793,"2022-02-09",13,12,2,3,-1
710794,"2022-02-10",18,9,2,0,1
710795,"2022-02-09",14,7,2,0,1
710796,"2022-02-12",7,15,0,0,0
710797,"2022-02-13",19,18,0,1,-1
710798,"2022-04-20",8,3,2,4,-1
710799,"2022-02-12",4,22,3,0,1
710800,"2022-02-13",9,6,2,2,0
710801,"2022-02-12",30,12,1,1,0
710802,"2022-02-13",2,16,1,0,1
710803,"2022-02-12",23,14,0,4,-1
710804,"2022-02-13",13,31,0,2,-1
710805,"2022-02-12",29,10,0,2,-1
710806,"2022-02-19",3,7,2,1,1
710807,"2022-02-19",16,29,0,1,-1
710808,"2022-02-19",10,19,0,3,-1
710809,"2022-02-19",15,8,0,1,-1
710810,"2022-02-20",22,30,2,4,-1
710811,"2022-02-19",18,23,3,1,1
710812,"2022-02-19",14,13,2,3,-1
710813,"2022-02-19",12,4,2,0,1
710814,"2022-02-19",6,2,1,1,0
710815,"2022-02-20",31,9,2,1,1
710816,"2022-03-16",3,18,0,2,-1
710817,"2022-02-26",7,2,0,2,-1
710818,"2022-02-26",10,16,0,2,-1
710819,"2022-05-19",8,9,1,1,0
710820,"2022-02-26",15,19,1,1,0
710821,"2022-02-26",4,14,0,1,-1
710822,"2022-02-26",22,13,0,4,-1
710823,"2022-02-26",30,29,0,0,0
710824,"2022-02-25",12,23,2,0,1
710825,"2022-02-27",6,31,1,0,1
710826,"2022-03-05",16,12,4,0,1
710827,"2022-03-05",19,8,0,4,-1
710828,"2022-03-05",9,22,1,0,1
710829,"2022-03-05",18,6,1,0,1
710830,"2022-03-06",14,30,4,1,1
710831,"2022-03-05",2,10,2,1,1
710832,"2022-03-05",23,7,1,3,-1
710833,"2022-03-07",13,4,5,0,1
710834,"2022-03-06",29,3,2,3,-1
710835,"2022-03-05",31,15,0,2,-1
710836,"2022-03-13",3,9,2,0,1
710837,"2022-03-12",7,19,2,0,1
710838,"2022-03-12",10,18,0,2,-1
710839,"2022-03-13",8,2,1,0,1
710840,"2022-03-14",15,14,0,0,0
710841,"2022-03-13",4,31,0,1,-1
710842,"2022-03-13",22,23,2,1,1
710843,"2022-03-12",30,13,3,2,1
710844,"2022-03-13",12,29,1,2,-1
710845,"2022-03-13",6,16,2,1,1
710846,"2022-03-19",16,3,0,1,-1
710847,"2022-04-21",19,12,2,0,1
710848,"2022-03-20",9,7,2,1,1
710849,"2022-04-19",18,30,4,0,1
710850,"2022-04-20",14,10,3,0,1
710851,"2022-04-20",2,15,1,0,1
710852,"2022-03-10",23,8,1,3,-1
710853,"2022-03-20",13,6,3,1,1
710854,"2022-05-11",29,4,0,0,0
710855,"2022-03-18",31,22,2,3,-1
710856,"2022-04-02",10,23,0,0,0
710857,"2022-04-02",19,14,0,2,-1
710858,"2022-04-02",8,7,1,4,-1
710859,"2022-04-04",15,3,3,0,1
710860,"2022-04-02",22,12,1,1,0
710861,"2022-04-02",18,29,2,0,1
710862,"2022-04-02",30,9,1,1,0
710863,"2022-04-03",13,2,5,1,1
710864,"2022-04-03",6,4,2,1,1
710865,"2022-04-02",31,16,2,1,1
710866,"2022-04-09",3,10,1,2,-1
710867,"2022-04-09",16,13,0,4,-1
710868,"2022-04-10",7,6,2,0,1
710869,"2022-04-09",4,30,1,0,1
710870,"2022-04-10",9,15,2,1,1
710871,"2022-04-10",14,18,2,2,0
710872,"2022-04-08",2,31,1,0,1
710873,"2022-04-10",23,19,2,0,1
710874,"2022-04-09",12,8,0,6,-1
710875,"2022-04-09",29,22,0,3,-1
710876,"2022-05-10",16,18,1,2,-1
710877,"2022-05-19",4,15,3,2,1
710878,"2022-05-11",22,8,0,3,-1
710879,"2022-04-16",30,23,3,2,1
710880,"2022-04-17",2,9,2,1,1
710881,"2022-04-16",12,3,1,0,1
710882,"2022-04-16",13,10,0,1,-1
710883,"2022-04-16",29,7,1,2,-1
710884,"2022-04-17",6,19,1,1,0
710885,"2022-05-11",31,14,1,5,-1
710886,"2022-04-23",3,30,3,1,1
710887,"2022-04-23",7,13,0,0,0
710888,"2022-04-24",10,12,2,2,0
710889,"2022-04-24",19,31,1,0,1
710890,"2022-04-24",8,6,1,0,1
710891,"2022-04-25",15,22,0,0,0
710892,"2022-04-23",9,16,0,0,0
710893,"2022-04-24",18,4,2,0,1
710894,"2022-04-23",14,29,5,1,1
710895,"2022-04-23",23,2,0,3,-1
710896,"2022-04-30",16,23,2,0,1
710897,"2022-05-01",4,8,1,0,1
710898,"2022-04-30",22,14,0,4,-1
710899,"2022-05-02",30,7,3,0,1
710900,"2022-04-30",2,18,0,1,-1
710901,"2022-04-30",12,15,1,2,-1
710902,"2022-05-01",13,9,3,1,1
710903,"2022-04-30",29,19,1,2,-1
710904,"2022-05-01",6,3,1,2,-1
710905,"2022-04-30",31,10,0,3,-1
710906,"2022-05-08",3,22,2,1,1
710907,"2022-05-07",7,12,3,0,1
710908,"2022-05-07",10,30,4,0,1
710909,"2022-05-07",19,16,1,3,-1
710910,"2022-05-07",8,31,2,2,0
710911,"2022-05-07",15,29,1,0,1
710912,"2022-05-08",9,4,1,2,-1
710913,"2022-05-07",18,13,1,1,0
710914,"2022-05-08",14,2,5,0,1
710915,"2022-05-08",23,6,0,4,-1
710916,"2022-05-15",16,15,1,1,0
710917,"2022-05-15",4,7,2,3,-1
710918,"2022-05-15",22,10,1,1,0
710919,"2022-04-28",30,8,1,1,0
710920,"2022-05-16",2,3,2,0,1
710921,"2022-05-17",12,18,1,2,-1
710922,"2022-05-15",13,19,1,0,1
710923,"2022-05-15",29,9,1,5,-1
710924,"2022-05-15",6,14,2,2,0
710925,"2022-05-15",31,23,1,1,0
710926,"2022-05-22",3,4,5,1,1
710927,"2022-05-22",7,22,1,2,-1
710928,"2022-05-22",10,6,3,1,1
710929,"2022-05-22",19,2,1,2,-1
710930,"2022-05-22",8,29,2,1,1
710931,"2022-05-22",15,30,1,0,1
710932,"2022-05-22",9,12,4,1,1
710933,"2022-05-22",18,31,3,1,1
710934,"2022-05-22",14,16,3,2,1
710935,"2022-05-22",23,13,0,5,-1
867946,"2022-08-05",15,3,0,2,-1
867947,"2022-08-06",11,18,2,2,0
867948,"2022-08-06",17,16,2,0,1
867949,"2022-08-06",22,31,2,1,1
867950,"2022-08-07",9,7,2,2,0
867951,"2022-08-06",2,5,2,0,1
867952,"2022-08-06",13,12,4,1,1
867953,"2022-08-06",4,8,0,1,-1
867954,"2022-08-07",30,10,1,2,-1
867955,"2022-08-07",6,14,0,2,-1
867956,"2022-08-13",3,9,4,2,1
867957,"2022-08-13",16,4,2,1,1
867958,"2022-08-13",7,30,4,0,1
867959,"2022-08-13",10,2,0,0,0
867960,"2022-08-14",8,13,2,2,0
867961,"2022-08-15",18,15,1,1,0
867962,"2022-08-13",14,17,4,0,1
867963,"2022-08-14",5,6,1,0,1
867964,"2022-08-13",12,22,2,2,0
867965,"2022-08-13",31,11,0,0,0
867966,"2022-08-20",17,3,0,3,-1
867967,"2022-08-20",15,16,3,1,1
867968,"2022-08-20",4,5,1,1,0
867969,"2022-08-20",11,7,3,2,1
867970,"2022-08-21",22,8,3,0,1
867971,"2022-08-20",9,12,1,2,-1
867972,"2022-08-22",30,18,2,1,1
867973,"2022-08-21",2,14,3,3,0
867974,"2022-08-20",13,31,1,0,1
867975,"2022-08-21",6,10,0,2,-1
867976,"2022-08-27",3,11,2,1,1
867977,"2022-08-28",16,6,0,1,-1
867978,"2022-08-27",7,4,1,1,0
867979,"2022-08-27",10,22,1,0,1
867980,"2022-08-27",8,9,2,1,1
867981,"2022-08-27",18,17,9,0,1
867982,"2022-08-27",14,15,4,2,1
867983,"2022-08-28",5,13,0,2,-1
867984,"2022-08-27",12,30,0,1,-1
867985,"2022-08-28",31,2,1,1,0
867986,"2022-08-31",17,31,0,0,0
867987,"2022-08-31",3,16,2,1,1
867988,"2022-08-30",11,10,2,1,1
867989,"2022-08-30",22,4,1,1,0
867990,"2022-09-01",9,30,0,1,-1
867991,"2022-08-31",6,13,1,1,0
867992,"2022-08-30",15,7,1,1,0
867993,"2022-08-30",12,8,2,1,1
867994,"2022-08-31",18,2,2,1,1
867995,"2022-08-31",14,5,6,0,1
867996,"2022-09-03",16,14,1,1,0
867997,"2022-09-03",7,22,5,2,1
867998,"2022-09-04",10,9,5,2,1
867999,"2022-09-03",8,6,2,1,1
868000,"2022-09-03",4,18,0,0,0
868001,"2022-09-04",30,3,3,1,1
868002,"2022-09-03",2,15,0,0,0
868003,"2022-09-03",5,17,2,3,-1
868004,"2022-09-03",13,11,2,1,1
868005,"2022-09-03",31,12,1,0,1
868006,"2023-04-04",17,10,0,2,-1
868007,"2023-03-01",3,4,4,0,1
868008,"2023-01-18",15,30,1,1,0
868009,"2023-01-12",11,8,2,1,1
868010,"2023-04-04",22,5,2,1,1
868011,"2023-04-04",9,16,1,2,-1
868012,"2023-03-01",18,31,2,0,1
868013,"2023-01-19",14,13,4,2,1
868014,"2023-03-15",12,7,0,2,-1
868015,"2023-04-05",6,2,1,5,-1
868016,"2022-09-16",16,12,1,0,1
868017,"2022-09-18",7,3,0,3,-1
868018,"2023-03-15",10,15,1,0,1
868019,"2023-04-04",8,18,0,0,0
868020,"2022-09-18",4,6,1,0,1
868021,"2023-02-08",30,22,2,2,0
868022,"2022-09-17",2,17,1,1,0
868023,"2022-09-16",5,11,2,3,-1
868024,"2022-09-17",13,9,6,2,1
868025,"2022-09-17",31,14,0,3,-1
868026,"2022-10-01",17,7,0,0,0
868027,"2022-10-01",3,13,3,1,1
868028,"2022-10-01",15,8,1,2,-1
868029,"2022-10-01",11,2,1,4,-1
868030,"2022-10-02",22,16,0,0,0
868031,"2022-10-03",9,5,4,0,1
868032,"2022-10-01",18,10,3,3,0
868033,"2022-10-02",14,30,6,3,1
868034,"2022-10-01",12,4,1,2,-1
868035,"2022-10-01",6,31,2,0,1
868036,"2022-10-08",17,9,2,1,1
868037,"2022-10-09",3,18,3,2,1
868038,"2022-10-08",10,13,0,1,-1
868039,"2022-10-08",8,31,3,0,1
868040,"2022-10-09",15,22,2,1,1
868041,"2022-10-09",4,30,1,2,-1
868042,"2022-10-08",14,12,4,0,1
868043,"2022-10-08",2,7,5,1,1
868044,"2022-10-10",5,16,1,1,0
868045,"2022-10-09",6,11,3,1,1
868046,"2022-10-16",16,8,0,2,-1
868047,"2022-10-14",7,10,2,0,1
868048,"2022-10-15",11,17,2,2,0
868049,"2022-10-16",22,3,0,1,-1
868050,"2022-10-15",9,15,0,0,0
868051,"2022-10-16",18,14,1,0,1
868052,"2022-10-16",30,2,0,0,0
868053,"2022-10-16",12,6,1,1,0
868054,"2022-10-15",13,4,2,0,1
868055,"2022-10-15",31,5,1,0,1
868056,"2022-10-19",17,12,0,1,-1
868057,"2023-02-15",3,14,1,3,-1
868058,"2022-10-19",7,8,0,0,0
868059,"2022-10-18",10,5,0,0,0
868060,"2022-10-20",11,16,3,0,1
868061,"2022-10-20",9,22,2,0,1
868062,"2022-10-18",15,31,2,1,1
868063,"2022-10-19",2,4,1,0,1
868064,"2022-10-19",18,6,1,0,1
868065,"2022-10-19",30,13,2,0,1
868066,"2022-10-23",16,7,4,0,1
868067,"2022-10-22",8,30,1,1,0
868068,"2022-10-22",4,15,3,0,1
868069,"2022-10-23",22,11,2,3,-1
868070,"2022-10-22",14,10,3,1,1
868071,"2022-10-22",5,18,1,0,1
868072,"2022-10-23",12,3,1,1,0
868073,"2022-10-23",13,2,1,2,-1
868074,"2022-10-24",6,17,2,0,1
868075,"2022-10-23",31,9,0,4,-1
868076,"2022-10-29",17,13,2,3,-1
868077,"2022-10-30",3,5,5,0,1
868078,"2022-10-29",7,31,1,1,0
868079,"2022-10-29",10,8,4,1,1
868080,"2022-10-29",15,12,1,0,1
868081,"2022-10-29",11,4,0,0,0
868082,"2022-10-29",9,14,0,1,-1
868083,"2022-10-29",18,22,1,2,-1
868084,"2022-10-30",30,6,1,0,1
868085,"2022-10-29",2,16,4,0,1
868086,"2022-11-06",16,30,3,1,1
868087,"2022-11-06",8,3,0,1,-1
868088,"2022-11-05",4,9,0,2,-1
868089,"2022-11-05",22,17,4,3,1
868090,"2022-11-05",14,11,2,1,1
868091,"2022-11-05",5,7,2,2,0
868092,"2022-11-06",12,2,1,4,-1
868093,"2022-11-06",13,18,1,2,-1
868094,"2022-11-06",6,15,1,2,-1
868095,"2022-11-05",31,10,2,3,-1
868096,"2022-11-12",17,4,3,0,1
868097,"2022-11-13",10,16,1,2,-1
868098,"2022-11-13",11,30,1,2,-1
868099,"2022-11-12",18,12,3,1,1
868100,"2022-11-12",14,7,1,2,-1
868101,"2022-11-12",2,8,1,0,1
868102,"2022-11-12",5,15,1,0,1
868103,"2022-11-12",13,22,4,3,1
868104,"2022-11-12",6,9,0,2,-1
868105,"2022-11-12",31,3,0,2,-1
868106,"2022-12-26",3,6,3,1,1
868107,"2022-12-26",16,18,1,3,-1
868108,"2022-12-26",7,13,2,2,0
868109,"2022-12-27",8,17,2,0,1
868110,"2022-12-26",15,11,0,3,-1
868111,"2022-12-26",4,31,1,2,-1
868112,"2022-12-28",22,14,1,3,-1
868113,"2022-12-26",9,2,0,3,-1
868114,"2022-12-27",30,5,3,0,1
868115,"2022-12-26",12,10,1,3,-1
868116,"2022-12-31",17,15,0,2,-1
868117,"2022-12-31",10,3,2,4,-1
868118,"2022-12-31",11,12,2,1,1
868119,"2022-12-30",18,9,2,1,1
868120,"2022-12-31",14,4,1,1,0
868121,"2022-12-31",2,22,0,0,0
868122,"2023-01-01",5,8,1,1,0
868123,"2023-01-01",13,16,0,2,-1
868124,"2022-12-30",6,7,0,2,-1
868125,"2022-12-31",31,30,0,1,-1
868126,"2023-01-03",3,2,0,0,0
868127,"2023-01-04",16,31,1,1,0
868128,"2023-01-02",7,18,3,1,1
868129,"2023-01-05",8,14,0,1,-1
868130,"2023-01-04",15,13,0,4,-1
868131,"2023-01-03",4,10,1,4,-1
868132,"2023-01-04",22,6,2,2,0
868133,"2023-01-03",9,11,0,1,-1
868134,"2023-01-03",30,17,3,0,1
868135,"2023-01-04",12,5,0,1,-1
868136,"2023-01-13",16,22,2,1,1
868137,"2023-01-14",7,17,2,0,1
868138,"2023-01-14",10,18,3,0,1
868139,"2023-01-15",8,15,1,0,1
868140,"2023-01-14",4,12,1,2,-1
868141,"2023-01-14",30,14,2,1,1
868142,"2023-01-15",2,11,1,0,1
868143,"2023-01-14",5,9,2,0,1
868144,"2023-01-15",13,3,0,2,-1
868145,"2023-01-14",31,6,1,0,1
868146,"2023-01-21",17,5,1,1,0
868147,"2023-01-22",3,30,3,2,1
868148,"2023-01-21",15,2,0,0,0
868149,"2023-01-23",11,13,0,1,-1
868150,"2023-01-22",22,7,0,0,0
868151,"2023-01-21",9,10,2,2,0
868152,"2023-01-21",18,8,0,0,0
868153,"2023-01-22",14,31,3,0,1
868154,"2023-01-21",12,16,0,1,-1
868155,"2023-01-21",6,4,2,0,1
868156,"2023-02-04",16,9,2,4,-1
868157,"2023-02-04",7,12,3,0,1
868158,"2023-02-04",10,17,1,0,1
868159,"2023-02-03",8,11,0,0,0
868160,"2023-02-04",4,3,1,0,1
868161,"2023-02-04",30,15,2,1,1
868162,"2023-02-04",2,6,1,1,0
868163,"2023-02-05",5,22,1,0,1
868164,"2023-02-05",13,14,1,0,1
868165,"2023-02-04",31,18,3,0,1
868166,"2023-02-11",17,2,1,1,0
868167,"2023-02-11",3,7,1,1,0
868168,"2023-02-11",15,10,1,1,0
868169,"2023-02-11",11,5,2,0,1
868170,"2023-02-12",22,30,0,2,-1
868171,"2023-02-11",9,13,4,1,1
868172,"2023-02-13",18,4,2,0,1
868173,"2023-02-12",14,16,3,1,1
868174,"2023-02-11",12,31,1,2,-1
868175,"2023-02-11",6,8,1,1,0
868176,"2023-02-18",16,3,2,4,-1
868177,"2023-02-18",7,15,1,1,0
868178,"2023-02-18",10,11,0,1,-1
868179,"2023-02-18",8,12,0,1,-1
868180,"2023-02-18",4,22,1,0,1
868181,"2023-02-19",30,9,3,0,1
868182,"2023-02-18",2,18,0,2,-1
868183,"2023-02-18",5,14,1,1,0
868184,"2023-02-19",13,6,2,0,1
868185,"2023-02-18",31,17,0,1,-1
868186,"2023-02-25",17,14,1,4,-1
868187,"2023-02-25",15,18,0,0,0
868188,"2023-02-25",4,16,0,2,-1
868189,"2023-02-24",11,31,1,1,0
868190,"2023-02-25",22,12,1,0,1
868191,"2023-02-25",9,3,0,1,-1
868192,"2023-04-05",30,7,1,0,1
868193,"2023-05-18",2,10,4,1,1
868194,"2023-02-26",13,8,2,0,1
868195,"2023-02-25",6,5,4,0,1
868196,"2023-03-04",3,17,3,2,1
868197,"2023-03-04",16,15,1,0,1
868198,"2023-03-06",7,11,3,2,1
868199,"2023-03-04",10,6,4,0,1
868200,"2023-03-04",8,22,1,0,1
868201,"2023-03-05",18,30,7,0,1
868202,"2023-03-04",14,2,2,0,1
868203,"2023-03-05",5,4,2,2,0
868204,"2023-03-04",12,9,1,0,1
868205,"2023-03-04",31,13,1,0,1
868206,"2023-03-11",17,18,1,0,1
868207,"2023-03-11",15,14,0,1,-1
868208,"2023-03-11",4,7,1,0,1
868209,"2023-03-12",11,3,0,3,-1
868210,"2023-03-11",22,10,2,2,0
868211,"2023-03-11",9,8,1,3,-1
868212,"2023-03-12",30,12,0,0,0
868213,"2023-03-12",2,31,2,1,1
868214,"2023-03-11",13,5,3,1,1
868215,"2023-03-12",6,16,1,1,0
868216,"2023-03-19",3,15,4,1,1
868217,"2023-03-18",16,17,3,0,1
868218,"2023-03-18",7,9,1,1,0
868219,"2023-05-04",10,30,1,0,1
868220,"2023-03-18",8,4,2,2,0
868221,"2023-05-03",18,11,1,0,1
868222,"2023-05-03",14,6,3,0,1
868223,"2023-03-17",5,2,1,2,-1
868224,"2023-03-18",12,13,3,3,0
868225,"2023-03-18",31,22,2,4,-1
868226,"2023-04-01",17,11,2,1,1
868227,"2023-04-01",3,22,4,1,1
868228,"2023-04-01",10,7,3,3,0
868229,"2023-04-01",8,16,0,2,-1
868230,"2023-04-01",15,9,2,1,1
868231,"2023-04-03",4,13,1,1,0
868232,"2023-04-01",14,18,4,1,1
868233,"2023-04-02",2,30,2,0,1
868234,"2023-04-01",5,31,1,1,0
868235,"2023-04-02",6,12,1,0,1
868236,"2023-04-08",16,5,2,0,1
868237,"2023-04-08",7,2,1,2,-1
868238,"2023-04-08",11,6,0,1,-1
868239,"2023-04-09",22,15,1,5,-1
868240,"2023-04-08",9,17,0,1,-1
868241,"2023-04-09",18,3,2,2,0
868242,"2023-04-08",30,4,2,0,1
868243,"2023-04-08",12,14,1,4,-1
868244,"2023-04-08",13,10,2,1,1
868245,"2023-04-08",31,8,1,0,1
868246,"2023-04-15",16,2,3,0,1
868247,"2023-04-15",8,10,1,2,-1
868248,"2023-04-15",4,11,1,3,-1
868249,"2023-04-17",22,18,1,6,-1
868250,"2023-04-15",14,9,3,1,1
868251,"2023-04-16",5,30,0,2,-1
868252,"2023-04-15",12,15,0,2,-1
868253,"2023-04-15",13,17,2,3,-1
868254,"2023-04-16",6,3,2,2,0
868255,"2023-04-15",31,7,2,0,1
868256,"2023-04-23",17,6,0,4,-1
868257,"2023-04-21",3,12,3,3,0
868258,"2023-04-22",7,16,1,1,0
868259,"2023-05-24",10,14,1,1,0
868260,"2023-04-22",15,4,0,0,0
868261,"2023-04-22",11,22,2,1,1
868262,"2023-04-22",9,31,2,1,1
868263,"2023-04-22",18,5,3,2,1
868264,"2023-05-25",30,8,4,1,1
868265,"2023-04-23",2,13,6,1,1
868266,"2023-04-27",4,2,1,4,-1
868267,"2023-04-25",22,9,1,1,0
868268,"2023-04-26",5,10,3,1,1
868269,"2023-04-27",13,30,2,2,0
868270,"2023-04-26",6,18,1,2,-1
868271,"2023-04-25",31,15,2,0,1
868272,"2023-04-25",16,11,1,0,1
868273,"2023-04-26",8,7,0,2,-1
868274,"2023-04-27",12,17,0,1,-1
868275,"2023-04-26",14,3,4,1,1
868276,"2023-04-30",17,22,4,1,1
868277,"2023-05-02",3,8,3,1,1
868278,"2023-04-29",7,5,2,1,1
868279,"2023-04-29",10,31,6,0,1
868280,"2023-04-29",15,6,4,3,1
868281,"2023-04-30",11,14,1,2,-1
868282,"2023-05-01",9,4,2,2,0
868283,"2023-04-30",18,13,4,3,1
868284,"2023-04-30",30,16,1,0,1
868285,"2023-04-30",2,12,3,1,1
868286,"2023-05-06",17,8,1,3,-1
868287,"2023-05-08",10,4,1,5,-1
868288,"2023-05-08",11,9,5,3,1
868289,"2023-05-06",18,7,1,0,1
868290,"2023-05-06",14,22,2,1,1
868291,"2023-05-07",2,3,0,2,-1
868292,"2023-05-08",5,12,4,3,1
868293,"2023-05-06",13,15,1,0,1
868294,"2023-05-07",6,30,1,0,1
868295,"2023-05-06",31,16,1,0,1
868296,"2023-05-14",3,10,0,3,-1
868297,"2023-05-13",16,13,2,1,1
868298,"2023-05-14",7,6,2,0,1
868299,"2023-05-13",8,5,2,2,0
868300,"2023-05-13",15,17,2,0,1
868301,"2023-05-14",4,14,0,3,-1
868302,"2023-05-13",22,2,2,2,0
868303,"2023-05-15",9,18,0,3,-1
868304,"2023-05-13",30,31,2,0,1
868305,"2023-05-13",12,11,0,2,-1
868306,"2023-05-20",17,30,0,1,-1
868307,"2023-05-21",10,12,3,1,1
868308,"2023-05-20",11,15,2,2,0
868309,"2023-05-20",18,16,1,1,0
868310,"2023-05-21",14,8,1,0,1
868311,"2023-05-22",2,9,0,0,0
868312,"2023-05-20",5,3,1,0,1
868313,"2023-05-20",13,7,1,3,-1
868314,"2023-05-21",6,22,3,1,1
868315,"2023-05-20",31,4,1,1,0
868316,"2023-05-28",3,31,5,0,1
868317,"2023-05-28",16,10,2,1,1
868318,"2023-05-28",7,14,1,0,1
868319,"2023-05-28",8,2,1,1,0
868320,"2023-05-28",15,5,1,1,0
868321,"2023-05-28",4,17,1,0,1
868322,"2023-05-28",22,13,1,4,-1
868323,"2023-05-28",9,6,2,1,1
868324,"2023-05-28",30,11,2,1,1
868325,"2023-05-28",12,18,4,4,0
1035037,"2023-08-11",19,14,0,3,-1
1035038,"2023-08-12",3,5,2,1,1
1035039,"2023-08-12",17,6,1,1,0
1035040,"2023-08-12",10,20,4,1,1
1035041,"2023-08-12",4,11,0,1,-1
1035042,"2023-08-12",21,15,0,1,-1
1035043,"2023-08-12",2,16,5,1,1
1035044,"2023-08-13",7,13,2,2,0
1035045,"2023-08-13",8,18,1,1,0
1035046,"2023-08-14",30,31,1,0,1
1035047,"2023-08-20",16,4,4,0,1
1035048,"2023-08-21",15,3,0,1,-1
1035049,"2023-08-19",11,7,0,3,-1
1035050,"2023-08-19",18,17,3,1,1
1035051,"2023-10-03",20,19,1,2,-1
1035052,"2023-08-19",14,2,1,0,1
1035053,"2023-08-18",5,21,2,1,1
1035054,"2023-08-19",13,30,2,0,1
1035055,"2023-08-20",6,8,3,1,1
1035056,"2023-08-19",31,10,1,4,-1
1035057,"2023-08-26",17,13,0,2,-1
1035058,"2023-08-26",3,11,2,2,0
1035059,"2023-08-26",7,15,1,1,0
1035060,"2023-08-26",10,6,1,3,-1
1035061,"2023-08-27",19,16,1,3,-1
1035062,"2023-08-25",8,20,3,0,1
1035063,"2023-08-26",4,31,0,1,-1
1035064,"2023-08-26",30,5,3,2,1
1035065,"2023-08-27",2,18,1,2,-1
1035066,"2023-08-27",21,14,1,2,-1
1035067,"2023-09-03",3,30,3,1,1
1035068,"2023-09-02",7,17,2,2,0
1035069,"2023-09-02",10,2,3,1,1
1035070,"2023-09-02",19,13,2,5,-1
1035071,"2023-09-02",8,5,0,1,-1
1035072,"2023-09-03",15,31,3,2,1
1035073,"2023-09-03",18,16,3,0,1
1035074,"2023-09-01",20,6,1,2,-1
1035075,"2023-09-02",14,11,5,1,1
1035076,"2023-09-02",21,4,2,2,0
1035077,"2023-09-17",17,8,0,0,0
1035078,"2023-09-16",16,15,3,1,1
1035079,"2023-09-17",4,3,0,1,-1
1035080,"2023-09-16",11,20,1,0,1
1035081,"2023-09-16",30,10,1,3,-1
1035082,"2023-09-16",2,7,1,0,1
1035083,"2023-09-18",5,19,1,1,0
1035084,"2023-09-16",13,21,2,1,1
1035085,"2023-09-16",6,14,1,3,-1
1035086,"2023-09-16",31,18,1,3,-1
1035087,"2023-09-24",3,13,2,2,0
1035088,"2023-09-23",7,4,1,3,-1
1035089,"2023-09-24",10,17,3,1,1
1035090,"2023-09-23",19,30,0,1,-1
1035091,"2023-09-24",8,16,0,1,-1
1035092,"2023-09-23",15,11,0,0,0
1035093,"2023-09-24",18,6,3,1,1
1035094,"2023-09-23",20,31,1,1,0
1035095,"2023-09-23",14,5,2,0,1
1035096,"2023-09-24",21,2,0,8,-1
1035097,"2023-09-30",17,3,0,4,-1
1035098,"2023-09-30",16,10,6,1,1
1035099,"2023-09-30",4,20,1,2,-1
1035100,"2023-10-02",11,8,0,2,-1
1035101,"2023-09-30",30,15,0,1,-1
1035102,"2023-09-30",2,19,2,0,1
1035103,"2023-10-01",5,7,1,1,0
1035104,"2023-09-30",13,18,2,1,1
1035105,"2023-09-30",6,21,2,0,1
1035106,"2023-09-30",31,14,2,1,1
1035107,"2023-10-08",3,14,1,0,1
1035108,"2023-10-08",10,18,2,2,0
1035109,"2023-10-07",19,8,1,4,-1
1035110,"2023-10-07",15,5,0,0,0
1035111,"2023-10-07",4,17,3,0,1
1035112,"2023-10-07",11,21,3,1,1
1035113,"2023-10-07",20,13,0,1,-1
1035114,"2023-10-07",30,7,2,1,1
1035115,"2023-10-08",6,2,2,2,0
1035116,"2023-10-08",31,16,1,1,0
1035117,"2023-10-21",17,31,1,2,-1
1035118,"2023-10-22",16,6,4,1,1
1035119,"2023-10-21",7,19,3,0,1
1035120,"2023-10-21",8,3,2,2,0
1035121,"2023-10-21",18,4,2,0,1
1035122,"2023-10-21",14,10,2,1,1
1035123,"2023-10-21",2,15,4,0,1
1035124,"2023-10-21",5,20,2,2,0
1035125,"2023-10-21",21,30,1,2,-1
1035126,"2023-10-23",13,11,2,0,1
1035127,"2023-10-28",17,19,2,1,1
1035128,"2023-10-28",3,21,5,0,1
1035129,"2023-10-29",16,20,3,1,1
1035130,"2023-10-29",10,11,1,1,0
1035131,"2023-10-28",8,7,0,2,-1
1035132,"2023-10-27",15,13,1,2,-1
1035133,"2023-10-29",18,5,3,0,1
1035134,"2023-10-29",30,14,0,3,-1
1035135,"2023-10-29",6,4,0,1,-1
1035136,"2023-10-28",31,2,2,2,0
1035137,"2023-11-04",7,6,3,2,1
1035138,"2023-11-04",19,15,0,2,-1
1035139,"2023-11-04",4,10,1,1,0
1035140,"2023-11-04",11,30,0,1,-1
1035141,"2023-11-05",20,18,1,1,0
1035142,"2023-11-04",14,17,6,1,1
1035143,"2023-11-04",2,3,1,0,1
1035144,"2023-11-05",5,16,2,0,1
1035145,"2023-11-04",21,31,2,1,1
1035146,"2023-11-06",13,8,1,4,-1
1035147,"2023-11-11",17,2,2,0,1
1035148,"2023-11-11",3,19,3,1,1
1035149,"2023-11-12",16,11,3,1,1
1035150,"2023-11-12",10,21,1,1,0
1035151,"2023-11-12",8,14,4,4,0
1035152,"2023-11-11",15,4,2,3,-1
1035153,"2023-11-12",18,7,3,0,1
1035154,"2023-11-11",30,20,1,0,1
1035155,"2023-11-12",6,5,3,2,1
1035156,"2023-11-11",31,13,2,1,1
1035294,"2023-11-25",7,3,0,1,-1
1035295,"2023-11-25",19,6,1,2,-1
1035296,"2023-11-26",4,30,0,3,-1
1035297,"2023-11-27",11,31,3,2,1
1035298,"2023-11-25",20,15,2,1,1
1035299,"2023-11-25",14,18,1,1,0
1035300,"2023-11-25",2,8,4,1,1
1035301,"2023-11-25",5,10,2,3,-1
1035302,"2023-11-25",21,17,1,3,-1
1035303,"2023-11-26",13,16,1,2,-1
1035304,"2023-12-03",17,16,2,2,0
1035305,"2023-12-02",3,31,2,1,1
1035306,"2023-12-02",7,20,3,1,1
1035307,"2023-12-02",19,21,5,0,1
1035308,"2023-12-03",8,10,3,2,1
1035309,"2023-12-03",18,11,4,3,1
1035310,"2023-12-03",14,13,3,3,0
1035311,"2023-12-02",2,30,1,0,1
1035312,"2023-12-02",5,4,0,1,-1
1035313,"2023-12-03",6,15,1,1,0
1035314,"2023-12-06",16,14,1,0,1
1035315,"2023-12-06",10,7,2,1,1
1035316,"2023-12-07",4,2,3,0,1
1035317,"2023-12-06",11,5,5,0,1
1035318,"2023-12-05",20,3,3,4,-1
1035319,"2023-12-06",21,18,0,2,-1
1035320,"2023-12-07",13,6,1,2,-1
1035321,"2023-12-05",31,19,1,0,1
1035322,"2023-12-06",15,17,0,2,-1
1035323,"2023-12-06",30,8,2,1,1
1035324,"2023-12-09",16,3,1,0,1
1035325,"2023-12-09",10,19,1,1,0
1035326,"2023-12-09",15,18,1,2,-1
1035327,"2023-12-10",4,8,2,0,1
1035328,"2023-12-10",11,6,5,0,1
1035329,"2023-12-10",20,14,1,2,-1
1035330,"2023-12-09",30,17,0,3,-1
1035331,"2023-12-09",21,7,1,0,1
1035332,"2023-12-10",13,2,4,1,1
1035333,"2023-12-09",31,5,1,1,0
1035334,"2024-03-13",17,20,4,3,1
1035335,"2023-12-17",3,10,2,0,1
1035336,"2023-12-17",7,16,1,2,-1
1035337,"2023-12-16",19,4,0,2,-1
1035338,"2023-12-16",8,21,2,0,1
1035339,"2023-12-17",18,30,0,0,0
1035340,"2023-12-16",14,15,2,2,0
1035341,"2023-12-16",2,11,3,0,1
1035342,"2023-12-15",5,13,0,2,-1
1035343,"2023-12-17",6,31,3,0,1
1035344,"2023-12-22",16,21,1,1,0
1035345,"2023-12-21",15,10,1,1,0
1035346,"2023-12-23",11,19,0,2,-1
1035347,"2023-12-23",18,3,1,1,0
1035348,"2023-12-23",20,2,1,0,1
1035349,"2024-02-20",14,7,1,0,1
1035350,"2023-12-23",5,17,2,3,-1
1035351,"2023-12-23",13,4,2,1,1
1035352,"2023-12-23",6,30,2,0,1
1035353,"2023-12-24",31,8,2,1,1
1035354,"2023-12-26",17,11,3,0,1
1035355,"2023-12-28",3,6,0,2,-1
1035356,"2023-12-27",7,31,1,4,-1
1035357,"2023-12-28",10,13,4,2,1
1035358,"2023-12-26",19,18,0,2,-1
1035359,"2023-12-27",8,15,2,1,1
1035360,"2023-12-27",4,14,1,3,-1
1035361,"2023-12-26",30,16,3,2,1
1035362,"2023-12-26",2,5,1,3,-1
1035363,"2023-12-26",21,20,2,3,-1
1035364,"2023-12-30",16,19,3,2,1
1035365,"2023-12-30",15,7,3,1,1
1035366,"2023-12-31",11,3,2,1,1
1035367,"2024-01-01",18,2,4,2,1
1035368,"2023-12-30",20,8,2,3,-1
1035369,"2023-12-30",14,21,2,0,1
1035370,"2023-12-30",5,30,2,1,1
1035371,"2023-12-31",13,17,3,1,1
1035372,"2024-01-02",6,10,0,0,0
1035373,"2023-12-30",31,4,3,0,1
1035374,"2024-01-21",17,18,0,4,-1
1035375,"2024-01-20",3,15,5,0,1
1035376,"2024-01-20",7,5,3,2,1
1035377,"2024-01-22",10,31,0,0,0
1035378,"2024-01-12",19,20,1,1,0
1035379,"2024-01-13",8,11,1,0,1
1035380,"2024-01-14",4,16,0,0,0
1035381,"2024-01-14",30,13,2,2,0
1035382,"2024-01-13",2,14,2,3,-1
1035383,"2024-01-21",21,6,2,2,0
1035384,"2024-01-30",16,2,1,3,-1
1035385,"2024-01-30",11,4,0,0,0
1035386,"2024-01-30",20,10,4,0,1
1035387,"2024-01-30",5,3,1,2,-1
1035388,"2024-01-31",13,7,3,2,1
1035389,"2024-02-01",6,17,1,1,0
1035390,"2024-02-01",31,30,3,4,-1
1035391,"2024-01-30",15,21,3,2,1
1035392,"2024-01-31",18,8,4,1,1
1035393,"2024-01-31",14,19,3,1,1
1035394,"2024-02-04",17,5,1,1,0
1035395,"2024-02-04",3,18,3,1,1
1035396,"2024-02-05",7,14,1,3,-1
1035397,"2024-02-03",10,15,4,1,1
1035398,"2024-02-03",19,11,2,2,0
1035399,"2024-02-04",8,31,2,4,-1
1035400,"2024-02-03",4,13,2,2,0
1035401,"2024-02-04",30,6,3,0,1
1035402,"2024-02-03",2,20,4,4,0
1035403,"2024-02-03",21,16,0,5,-1
1035404,"2024-02-11",16,30,1,2,-1
1035405,"2024-02-12",15,8,1,3,-1
1035406,"2024-02-10",11,17,3,1,1
1035407,"2024-02-10",18,19,3,1,1
1035408,"2024-02-10",20,21,1,3,-1
1035409,"2024-02-10",14,4,2,0,1
1035410,"2024-02-10",5,2,2,3,-1
1035411,"2024-02-10",13,10,2,1,1
1035412,"2024-02-11",6,3,0,6,-1
1035413,"2024-02-10",31,7,0,2,-1
1035414,"2024-02-17",7,18,1,4,-1
1035415,"2024-02-17",19,3,0,5,-1
1035416,"2024-02-19",4,15,1,1,0
1035417,"2024-02-17",11,16,1,2,-1
1035418,"2024-02-18",20,30,1,2,-1
1035419,"2024-02-17",14,8,1,1,0
1035420,"2024-02-17",2,17,2,2,0
1035421,"2024-02-17",5,6,2,0,1
1035422,"2024-02-18",21,10,0,5,-1
1035423,"2024-02-17",13,31,1,2,-1
1035424,"2024-02-24",17,14,0,1,-1
1035425,"2024-02-24",3,2,4,1,1
1035426,"2024-02-24",16,5,4,2,1
1035427,"2024-02-24",10,4,1,1,0
1035428,"2024-05-02",8,13,2,0,1
1035429,"2024-02-24",15,19,3,0,1
1035430,"2024-02-21",18,20,4,1,1
1035431,"2024-02-24",30,11,1,2,-1
1035432,"2024-02-26",6,7,4,2,1
1035433,"2024-02-25",31,21,1,0,1
1035434,"2024-03-02",7,8,2,2,0
1035435,"2024-03-03",19,17,0,2,-1
1035436,"2024-03-02",4,6,1,3,-1
1035437,"2024-03-02",11,10,3,0,1
1035438,"2024-03-02",20,16,2,3,-1
1035439,"2024-03-03",14,30,3,1,1
1035440,"2024-03-02",2,31,3,0,1
1035441,"2024-03-02",5,18,0,1,-1
1035442,"2024-03-04",21,3,0,6,-1
1035443,"2024-03-02",13,15,3,1,1
1035444,"2024-03-09",17,21,2,2,0
1035445,"2024-03-09",3,7,2,1,1
1035446,"2024-03-10",16,13,0,4,-1
1035447,"2024-03-10",10,5,1,0,1
1035448,"2024-03-11",8,2,3,2,1
1035449,"2024-03-09",15,20,1,1,0
1035450,"2024-03-10",18,14,1,1,0
1035451,"2024-03-09",30,4,2,0,1
1035452,"2024-03-10",6,19,2,2,0
1035453,"2024-03-09",31,11,2,1,1
1035454,"2024-04-23",3,8,5,0,1
1035455,"2024-04-25",10,14,0,4,-1
1035456,"2024-03-16",19,7,2,1,1
1035457,"2024-04-24",15,2,2,0,1
1035458,"2024-04-24",4,18,2,0,1
1035459,"2024-03-16",11,13,3,0,1
1035460,"2024-03-16",20,5,1,1,0
1035461,"2024-04-24",30,21,4,2,1
1035462,"2024-03-17",6,16,1,1,0
1035463,"2024-04-24",31,17,0,1,-1
1035464,"2024-03-30",17,4,2,1,1
1035465,"2024-03-30",16,31,2,0,1
1035466,"2024-03-30",7,30,1,1,0
1035467,"2024-03-30",8,19,2,2,0
1035468,"2024-03-31",18,10,2,1,1
1035469,"2024-03-31",14,3,0,0,0
1035470,"2024-03-30",2,6,4,3,1
1035471,"2024-03-30",5,15,1,1,0
1035472,"2024-03-30",21,11,3,3,0
1035473,"2024-03-30",13,20,2,1,1
1035474,"2024-04-02",17,15,1,0,1
1035475,"2024-04-03",3,20,2,0,1
1035476,"2024-04-03",7,10,0,0,0
1035477,"2024-04-02",19,31,1,1,0
1035478,"2024-04-02",5,11,3,1,1
1035479,"2024-04-02",6,13,1,1,0
1035480,"2024-04-04",8,30,4,3,1
1035481,"2024-04-02",2,4,1,1,0
1035482,"2024-04-04",18,21,3,1,1
1035483,"2024-04-03",14,16,4,1,1
1035484,"2024-04-06",16,7,3,3,0
1035485,"2024-04-06",10,3,0,3,-1
1035486,"2024-04-06",15,14,2,4,-1
1035487,"2024-04-06",4,19,1,0,1
1035488,"2024-04-06",11,2,0,1,-1
1035489,"2024-04-06",20,17,2,1,1
1035490,"2024-04-07",30,18,2,2,0
1035491,"2024-04-07",21,8,2,2,0
1035492,"2024-04-07",13,5,3,1,1
1035493,"2024-04-06",31,6,1,2,-1
1035494,"2024-04-13",17,30,2,2,0
1035495,"2024-04-14",3,16,0,2,-1
1035496,"2024-04-13",7,21,2,0,1
1035497,"2024-04-13",19,10,1,1,0
1035498,"2024-04-15",8,4,6,0,1
1035499,"2024-04-14",18,15,0,1,-1
1035500,"2024-04-13",14,20,5,1,1
1035501,"2024-04-13",2,13,4,0,1
1035502,"2024-04-13",5,31,2,2,0
1035503,"2024-04-14",6,11,0,2,-1
1035504,"2024-04-21",16,17,3,1,1
1035505,"2024-05-15",10,8,1,2,-1
1035506,"2024-04-21",15,6,5,2,1
1035507,"2024-04-21",4,5,2,0,1
1035508,"2024-04-21",11,18,1,3,-1
1035509,"2024-04-20",20,7,1,5,-1
1035510,"2024-05-15",30,2,3,2,1
1035511,"2024-04-20",21,19,1,4,-1
1035512,"2024-05-14",13,14,0,2,-1
1035513,"2024-04-20",31,3,0,2,-1
1035514,"2024-04-28",17,10,3,0,1
1035515,"2024-04-27",16,8,2,2,0
1035516,"2024-04-27",4,7,1,0,1
1035517,"2024-04-27",11,15,1,1,0
1035518,"2024-04-27",30,19,1,1,0
1035519,"2024-04-27",2,21,5,1,1
1035520,"2024-04-28",5,14,0,2,-1
1035521,"2024-04-28",13,3,2,3,-1
1035522,"2024-04-27",6,18,2,2,0
1035523,"2024-04-27",31,20,2,1,1
1035524,"2024-05-04",3,17,3,0,1
1035525,"2024-05-04",7,11,0,0,0
1035526,"2024-05-05",10,16,1,0,1
1035527,"2024-05-04",19,2,1,4,-1
1035528,"2024-05-05",8,6,5,0,1
1035529,"2024-05-06",15,30,4,0,1
1035530,"2024-05-05",18,13,4,2,1
1035531,"2024-05-03",20,4,1,1,0
1035532,"2024-05-04",14,31,5,1,1
1035533,"2024-05-04",21,5,1,3,-1
1035534,"2024-05-11",17,7,1,2,-1
1035535,"2024-05-13",16,18,3,3,0
1035536,"2024-05-11",4,21,1,0,1
1035537,"2024-05-11",11,14,0,4,-1
1035538,"2024-05-12",30,3,0,1,-1
1035539,"2024-05-11",2,10,1,1,0
1035540,"2024-05-11",5,8,2,3,-1
1035541,"2024-05-11",13,19,2,1,1
1035542,"2024-05-11",6,20,3,1,1
1035543,"2024-05-11",31,15,1,3,-1
1035544,"2024-05-19",3,4,2,1,1
1035545,"2024-05-19",7,2,2,4,-1
1035546,"2024-05-19",10,30,0,2,-1
1035547,"2024-05-19",19,5,1,2,-1
1035548,"2024-05-19",8,17,2,1,1
1035549,"2024-05-19",15,16,5,0,1
1035550,"2024-05-19",18,31,2,0,1
1035551,"2024-05-19",20,11,2,4,-1
1035552,"2024-05-19",14,6,3,1,1
1035553,"2024-05-19",21,13,0,3,-1
1208021,"2024-08-16",30,11,1,0,1
1208022,"2024-08-17",1,18,0,2,-1
1208023,"2024-08-17",3,31,2,0,1
1208024,"2024-08-17",4,10,0,3,-1
1208025,"2024-08-17",2,12,1,0,1
1208026,"2024-08-17",5,17,1,1,0
1208027,"2024-08-17",6,16,1,2,-1
1208028,"2024-08-18",7,15,2,1,1
1208029,"2024-08-18",8,14,0,2,-1
1208030,"2024-08-19",9,13,1,1,0
1208031,"2024-08-25",17,2,1,1,0
1208032,"2024-08-24",16,3,0,2,-1
1208033,"2024-08-24",10,30,2,1,1
1208034,"2024-08-24",15,6,0,2,-1
1208035,"2024-08-24",11,9,2,1,1
1208036,"2024-08-25",18,7,2,0,1
1208037,"2024-08-24",14,1,4,1,1
1208038,"2024-08-24",12,5,0,1,-1
1208039,"2024-08-24",13,4,4,0,1
1208040,"2024-08-25",31,8,2,6,-1
1208041,"2024-08-31",3,10,1,1,0
1208042,"2024-08-31",7,12,3,1,1
1208043,"2024-09-01",8,15,1,1,0
1208044,"2024-08-31",4,17,2,3,-1
1208045,"2024-08-31",1,11,1,1,0
1208046,"2024-08-31",9,16,1,2,-1
1208047,"2024-09-01",30,18,0,3,-1
1208048,"2024-09-01",2,13,2,1,1
1208049,"2024-08-31",5,31,1,1,0
1208050,"2024-08-31",6,14,1,3,-1
1208051,"2024-09-14",17,8,0,1,-1
1208052,"2024-09-14",16,4,3,2,1
1208053,"2024-09-14",10,1,0,0,0
1208054,"2024-09-14",15,9,2,2,0
1208055,"2024-09-14",11,6,1,1,0
1208056,"2024-09-14",18,5,0,1,-1
1208057,"2024-09-14",14,7,2,1,1
1208058,"2024-09-14",12,30,0,3,-1
1208059,"2024-09-15",13,3,0,1,-1
1208060,"2024-09-15",31,2,1,2,-1
1208061,"2024-09-21",16,31,3,1,1
1208062,"2024-09-22",10,5,2,2,0
1208063,"2024-09-21",15,30,0,0,0
1208064,"2024-09-21",11,2,3,1,1
1208065,"2024-09-21",9,4,1,1,0
1208066,"2024-09-21",18,17,3,0,1
1208067,"2024-09-22",14,3,2,2,0
1208068,"2024-09-21",12,1,1,1,0
1208069,"2024-09-21",13,7,3,1,1
1208070,"2024-09-21",6,8,0,3,-1
1208071,"2024-09-30",17,12,3,1,1
1208072,"2024-09-28",3,9,4,2,1
1208073,"2024-09-28",7,6,1,1,0
1208074,"2024-09-28",8,10,4,2,1
1208075,"2024-09-28",4,15,2,1,1
1208076,"2024-09-29",1,16,2,2,0
1208077,"2024-09-29",30,13,0,3,-1
1208078,"2024-09-28",2,14,1,1,0
1208079,"2024-09-28",5,11,0,1,-1
1208080,"2024-09-28",31,18,1,2,-1
1208081,"2024-10-05",3,12,3,1,1
1208082,"2024-10-06",16,30,0,0,0
1208083,"2024-10-05",7,31,5,3,1
1208084,"2024-10-06",10,13,3,2,1
1208085,"2024-10-06",8,5,1,1,0
1208086,"2024-10-05",15,18,0,1,-1
1208087,"2024-10-05",4,2,0,0,0
1208088,"2024-10-05",9,17,1,0,1
1208089,"2024-10-05",14,11,3,2,1
1208090,"2024-10-05",6,1,4,1,1
1208091,"2024-10-19",17,3,2,0,1
1208092,"2024-10-19",11,16,1,3,-1
1208093,"2024-10-19",1,4,0,2,-1
1208094,"2024-10-20",18,8,2,1,1
1208095,"2024-10-19",30,7,2,1,1
1208096,"2024-10-19",2,10,0,1,-1
1208097,"2024-10-21",5,15,1,0,1
1208098,"2024-10-19",12,9,2,3,-1
1208099,"2024-10-19",13,6,4,1,1
1208100,"2024-10-20",31,14,1,2,-1
1208103,"2024-10-27",3,18,2,2,0
1208104,"2024-10-26",16,17,1,1,0
1208105,"2024-10-26",7,1,4,3,1
1208106,"2024-10-26",10,31,2,2,0
1208107,"2024-10-27",8,2,2,1,1
1208108,"2024-10-27",15,13,1,0,1
1208109,"2024-10-26",4,11,1,1,0
1208110,"2024-10-25",9,5,1,3,-1
1208111,"2024-10-26",14,12,1,0,1
1208112,"2024-10-27",6,30,2,1,1
1208113,"2024-11-02",17,14,2,1,1
1208114,"2024-11-04",11,7,2,1,1
1208115,"2024-11-02",1,9,1,1,0
1208116,"2024-11-02",18,10,2,1,1
1208117,"2024-11-03",30,8,1,1,0
1208118,"2024-11-02",2,3,1,0,1
1208119,"2024-11-02",5,6,3,0,1
1208120,"2024-11-02",12,4,1,0,1
1208121,"2024-11-03",13,16,4,1,1
1208122,"2024-11-02",31,15,2,2,0
1208123,"2024-11-09",7,17,3,2,1
1208124,"2024-11-09",10,14,2,1,1
1208125,"2024-11-10",8,3,1,1,0
1208126,"2024-11-09",15,11,0,2,-1
1208127,"2024-11-09",18,16,2,0,1
1208128,"2024-11-10",30,9,3,0,1
1208129,"2024-11-10",5,2,1,3,-1
1208130,"2024-11-10",13,1,1,2,-1
1208131,"2024-11-09",6,4,0,0,0
1208132,"2024-11-09",31,12,2,0,1
1208133,"2024-11-23",17,10,1,2,-1
1208134,"2024-11-23",3,5,3,0,1
1208135,"2024-11-23",16,15,2,2,0
1208136,"2024-11-23",4,7,0,0,0
1208137,"2024-11-23",11,31,1,4,-1
1208138,"2024-11-24",1,30,1,1,0
1208139,"2024-11-23",9,8,1,2,-1
1208140,"2024-11-23",14,13,0,4,-1
1208141,"2024-11-25",2,6,0,2,-1
1208142,"2024-11-24",12,18,2,3,-1
1208143,"2024-11-30",7,9,4,1,1
1208144,"2024-11-29",10,12,1,1,0
1208145,"2024-12-01",8,16,3,0,1
1208146,"2024-11-30",15,2,1,1,0
1208147,"2024-12-01",18,14,2,0,1
1208148,"2024-12-01",30,4,4,0,1
1208149,"2024-11-30",5,1,1,0,1
1208150,"2024-12-01",13,11,1,1,0
1208151,"2024-11-30",6,3,2,5,-1
1208152,"2024-11-30",31,17,2,4,-1
1208153,"2024-12-05",17,13,1,0,1
1208154,"2024-12-04",3,30,2,0,1
1208155,"2024-12-04",16,7,3,1,1
1208156,"2024-12-04",4,31,4,0,1
1208157,"2024-12-05",11,10,3,1,1
1208158,"2024-12-03",1,15,0,1,-1
1208159,"2024-12-03",9,6,3,1,1
1208160,"2024-12-04",14,5,3,0,1
1208161,"2024-12-04",2,18,3,3,0
1208162,"2024-12-04",12,8,1,5,-1
1208163,"2024-12-07",16,12,1,0,1
1208164,"2024-12-07",7,2,4,2,1
1208165,"2024-12-07",15,14,2,2,0
1208166,"2025-02-12",4,18,2,2,0
1208167,"2024-12-08",11,3,1,1,0
1208168,"2024-12-08",1,17,1,2,-1
1208169,"2024-12-08",9,10,2,2,0
1208170,"2024-12-07",30,5,2,3,-1
1208171,"2024-12-08",13,8,3,4,-1
1208172,"2024-12-09",6,31,2,1,1
1208173,"2024-12-16",17,6,1,1,0
1208174,"2024-12-14",3,4,0,0,0
1208175,"2024-12-15",10,15,1,3,-1
1208176,"2024-12-15",8,7,2,1,1
1208177,"2024-12-14",18,11,2,2,0
1208178,"2024-12-15",14,30,1,2,-1
1208179,"2024-12-14",2,9,4,0,1
1208180,"2024-12-14",5,16,2,1,1
1208181,"2024-12-15",12,13,0,5,-1
1208182,"2024-12-14",31,1,1,2,-1
1208183,"2024-12-21",16,14,2,1,1
1208184,"2024-12-21",7,5,0,2,-1
1208185,"2024-12-21",15,3,1,5,-1
1208186,"2024-12-22",4,8,0,0,0
1208187,"2024-12-22",11,12,0,0,0
1208188,"2024-12-21",1,2,0,4,-1
1208189,"2024-12-22",9,31,0,3,-1
1208190,"2024-12-22",30,17,0,3,-1
1208191,"2024-12-22",13,18,3,6,-1
1208192,"2024-12-21",6,10,1,1,0
1208193,"2024-12-26",17,15,0,0,0
1208194,"2024-12-27",3,1,1,0,1
1208195,"2024-12-27",10,7,0,0,0
1208196,"2024-12-26",8,11,1,2,-1
1208197,"2024-12-26",18,9,3,1,1
1208198,"2024-12-26",14,4,1,1,0
1208199,"2024-12-26",2,16,3,0,1
1208200,"2024-12-26",5,13,1,0,1
1208201,"2024-12-26",12,6,0,1,-1
1208202,"2024-12-26",31,30,2,0,1
1208203,"2024-12-30",16,10,2,2,0
1208204,"2025-01-01",7,3,1,3,-1
1208205,"2024-12-29",15,12,2,1,1
1208206,"2024-12-29",4,5,0,2,-1
1208207,"2024-12-29",11,17,2,2,0
1208208,"2024-12-30",1,8,2,0,1
1208209,"2024-12-29",9,14,0,2,-1
1208210,"2024-12-30",30,2,0,2,-1
1208211,"2024-12-29",13,31,2,2,0
1208212,"2024-12-29",6,18,0,5,-1
1208213,"2025-01-04",17,4,1,0,1
1208214,"2025-01-04",16,9,2,1,1
1208215,"2025-01-04",10,3,1,1,0
1208216,"2025-01-04",15,8,1,1,0
1208217,"2025-01-05",11,1,2,2,0
1208218,"2025-01-05",18,30,2,2,0
1208219,"2025-01-04",14,6,4,1,1
1208220,"2025-01-04",12,7,0,5,-1
1208221,"2025-01-04",13,2,1,2,-1
1208222,"2025-01-06",31,5,0,3,-1
1208223,"2025-01-15",3,13,2,1,1
1208224,"2025-01-14",7,14,2,2,0
1208225,"2025-01-15",4,16,0,1,-1
1208226,"2025-01-16",1,10,0,2,-1
1208227,"2025-01-15",9,15,0,2,-1
1208228,"2025-01-14",5,18,1,1,0
1208229,"2025-01-14",6,11,3,2,1
1208230,"2025-01-14",8,17,2,2,0
1208231,"2025-01-15",2,31,3,0,1
1208232,"2025-01-16",30,12,3,1,1
1208233,"2025-01-18",3,16,2,2,0
1208234,"2025-01-18",7,18,0,2,-1
1208235,"2025-01-20",8,31,3,1,1
1208236,"2025-01-19",4,13,3,2,1
1208237,"2025-01-19",1,14,0,6,-1
1208238,"2025-01-18",9,11,0,2,-1
1208239,"2025-01-19",30,10,1,3,-1
1208240,"2025-01-18",2,17,1,4,-1
1208241,"2025-01-19",5,12,3,2,1
1208242,"2025-01-18",6,15,0,2,-1
1208243,"2025-01-25",17,5,5,0,1
1208244,"2025-01-26",16,6,1,1,0
1208245,"2025-01-25",10,4,0,1,-1
1208246,"2025-01-26",15,7,1,2,-1
1208247,"2025-01-26",11,30,0,1,-1
1208248,"2025-01-25",18,1,4,1,1
1208249,"2025-01-25",14,8,3,1,1
1208250,"2025-01-25",12,2,1,3,-1
1208251,"2025-01-26",13,9,1,2,-1
1208252,"2025-01-25",31,3,0,1,-1
1208253,"2025-02-01",17,18,0,2,-1
1208254,"2025-02-02",3,14,5,1,1
1208255,"2025-02-02",7,13,0,2,-1
1208256,"2025-02-03",8,6,2,1,1
1208257,"2025-02-01",4,9,4,0,1
1208258,"2025-02-01",1,12,1,2,-1
1208259,"2025-02-02",30,15,0,2,-1
1208260,"2025-02-01",2,11,1,2,-1
1208261,"2025-02-01",5,10,7,0,1
1208262,"2025-02-01",31,16,2,0,1
1208263,"2025-02-15",16,1,1,1,0
1208264,"2025-02-14",10,8,3,0,1
1208265,"2025-02-15",15,4,1,2,-1
1208266,"2025-02-15",11,5,2,1,1
1208267,"2025-02-15",9,3,0,2,-1
1208268,"2025-02-16",18,31,2,1,1
1208269,"2025-02-15",14,2,4,0,1
1208270,"2025-02-15",12,17,1,3,-1
1208271,"2025-02-16",13,30,1,0,1
1208272,"2025-02-15",6,7,0,1,-1
1208273,"2025-02-22",16,8,2,1,1
1208274,"2025-02-22",11,15,0,2,-1
1208275,"2025-02-22",1,13,1,4,-1
1208276,"2025-02-22",2,5,4,3,1
1208277,"2025-02-22",17,31,0,1,-1
1208278,"2025-02-22",9,7,0,4,-1
1208279,"2025-02-22",3,6,0,1,-1
1208280,"2025-02-22",14,18,0,2,-1
1208281,"2025-02-22",4,30,2,2,0
1208282,"2025-02-22",12,10,0,4,-1
1208283,"2025-02-25",6,9,2,0,1
1208284,"2025-02-25",7,4,1,1,0
1208285,"2025-02-25",13,14,0,1,-1
1208286,"2025-02-25",31,11,1,2,-1
1208287,"2025-02-25",5,3,0,0,0
1208288,"2025-02-25",10,17,2,1,1
1208289,"2025-02-25",15,16,4,1,1
1208290,"2025-02-26",8,12,4,0,1
1208291,"2025-02-26",18,2,2,0,1
1208292,"2025-02-26",30,1,3,2,1
1208293,"2025-03-08",18,12,3,1,1
1208294,"2025-03-08",8,9,1,0,1
1208295,"2025-03-08",31,4,1,1,0
1208296,"2025-03-08",6,2,0,1,-1
1208297,"2025-03-08",13,17,2,2,0
1208298,"2025-03-08",30,3,1,1,0
1208299,"2025-03-08",15,1,1,0,1
1208300,"2025-03-08",5,14,1,0,1
1208301,"2025-03-08",10,11,2,1,1
1208302,"2025-03-08",7,16,0,1,-1
1208303,"2025-03-15",3,8,1,0,1
1208305,"2025-03-15",11,13,2,0,1
1208307,"2025-03-15",9,30,0,3,-1
1208308,"2025-03-15",14,10,2,2,0
1208309,"2025-03-15",1,5,2,4,-1
1208310,"2025-03-15",4,6,1,1,0
1208311,"2025-03-15",12,31,1,2,-1
1208312,"2025-03-15",17,7,1,2,-1
